{
    "vama1243": {
        "glossing": {
            "words": {
                "accuracy": {
                    "macro": 0.5344414844414845,
                    "micro": 0.5271966527196653
                },
                "bleu": 0.19320760391125225,
                "error_rate": 0.4655585155585156
            },
            "morphemes": {
                "accuracy": {
                    "macro": 0.6440299148019738,
                    "micro": 0.6416666666666667
                },
                "classes": {
                    "stem": {
                        "prec": 0.5365853658536586,
                        "rec": 0.5086705202312138,
                        "f1": 0.5222551928783383
                    },
                    "gram": {
                        "prec": 0.8630490956072352,
                        "rec": 0.8835978835978836,
                        "f1": 0.873202614379085
                    }
                },
                "bleu": 0.5125059144188631,
                "error_rate": 0.35597008519802636
            },
            "characters": {
                "error_rate": 0.3340841127241403
            }
        },
        "segmentation": {
            "accuracy": 1.0,
            "precision": 1.0,
            "recall": 1.0,
            "f1": 1.0,
            "edit_distance": 0.0
        },
        "alignment": 1.0
    },
    "all": {
        "glossing": {
            "words": {
                "accuracy": {
                    "macro": 0.5344414844414845,
                    "micro": 0.5271966527196653
                },
                "bleu": 0.19320760391125225,
                "error_rate": 0.4655585155585156
            },
            "morphemes": {
                "accuracy": {
                    "macro": 0.6440299148019738,
                    "micro": 0.6416666666666667
                },
                "classes": {
                    "stem": {
                        "prec": 0.5365853658536586,
                        "rec": 0.5086705202312138,
                        "f1": 0.5222551928783383
                    },
                    "gram": {
                        "prec": 0.8630490956072352,
                        "rec": 0.8835978835978836,
                        "f1": 0.873202614379085
                    }
                },
                "bleu": 0.5125059144188631,
                "error_rate": 0.35597008519802636
            },
            "characters": {
                "error_rate": 0.3340841127241403
            }
        },
        "segmentation": {
            "accuracy": 1.0,
            "precision": 1.0,
            "recall": 1.0,
            "f1": 1.0,
            "edit_distance": 0.0
        },
        "alignment": 1.0
    }
}