{
    "vama1243": {
        "glossing": {
            "words": {
                "accuracy": {
                    "macro": 0.3089510605135605,
                    "micro": 0.3179916317991632
                },
                "bleu": 0.07715900475307556,
                "error_rate": 0.6910489394864395
            },
            "morphemes": {
                "accuracy": {
                    "macro": 0.42551332280192566,
                    "micro": 0.4222222222222222
                },
                "classes": {
                    "stem": {
                        "prec": 0.41040462427745666,
                        "rec": 0.41040462427745666,
                        "f1": 0.41040462427745666
                    },
                    "gram": {
                        "prec": 0.7195767195767195,
                        "rec": 0.7195767195767195,
                        "f1": 0.7195767195767196
                    }
                },
                "bleu": 0.3189076618771783,
                "error_rate": 0.5651172476080565
            },
            "characters": {
                "error_rate": 0.4998426625588124
            }
        },
        "segmentation": {
            "accuracy": 1.0,
            "precision": 1.0,
            "recall": 1.0,
            "f1": 1.0,
            "edit_distance": 0.0
        },
        "alignment": 1.0
    },
    "all": {
        "glossing": {
            "words": {
                "accuracy": {
                    "macro": 0.3089510605135605,
                    "micro": 0.3179916317991632
                },
                "bleu": 0.07715900475307556,
                "error_rate": 0.6910489394864395
            },
            "morphemes": {
                "accuracy": {
                    "macro": 0.42551332280192566,
                    "micro": 0.4222222222222222
                },
                "classes": {
                    "stem": {
                        "prec": 0.41040462427745666,
                        "rec": 0.41040462427745666,
                        "f1": 0.41040462427745666
                    },
                    "gram": {
                        "prec": 0.7195767195767195,
                        "rec": 0.7195767195767195,
                        "f1": 0.7195767195767196
                    }
                },
                "bleu": 0.3189076618771783,
                "error_rate": 0.5651172476080565
            },
            "characters": {
                "error_rate": 0.4998426625588124
            }
        },
        "segmentation": {
            "accuracy": 1.0,
            "precision": 1.0,
            "recall": 1.0,
            "f1": 1.0,
            "edit_distance": 0.0
        },
        "alignment": 1.0
    }
}