{
    "nyan1302": {
        "segmentation": {
            "accuracy": 0.8306451612903226,
            "precision": 0.9474578736675512,
            "recall": 0.9516689795419637,
            "f1": 0.9487164230461326,
            "edit_distance": 0.2217741935483871
        }
    },
    "all": {
        "segmentation": {
            "accuracy": 0.8306451612903226,
            "precision": 0.9474578736675512,
            "recall": 0.9516689795419637,
            "f1": 0.9487164230461326,
            "edit_distance": 0.2217741935483871
        }
    }
}