{
    "vama1243": {
        "glossing": {
            "words": {
                "accuracy": {
                    "macro": 0.3663406616531617,
                    "micro": 0.36401673640167365
                },
                "bleu": 0.08817636390578625,
                "error_rate": 0.6388676716801717
            },
            "morphemes": {
                "accuracy": {
                    "macro": 0.485612297560827,
                    "micro": 0.475
                },
                "classes": {
                    "stem": {
                        "prec": 0.45121951219512196,
                        "rec": 0.4277456647398844,
                        "f1": 0.4391691394658753
                    },
                    "gram": {
                        "prec": 0.7441860465116279,
                        "rec": 0.7619047619047619,
                        "f1": 0.7529411764705882
                    }
                },
                "bleu": 0.35962962318585534,
                "error_rate": 0.5185543691058397
            },
            "characters": {
                "error_rate": 0.46555824998883183
            }
        },
        "segmentation": {
            "accuracy": 0.9791666666666666,
            "precision": 0.9940476190476191,
            "recall": 1.0,
            "f1": 0.9965277777777778,
            "edit_distance": 0.125
        },
        "alignment": 1.0
    },
    "all": {
        "glossing": {
            "words": {
                "accuracy": {
                    "macro": 0.3663406616531617,
                    "micro": 0.36401673640167365
                },
                "bleu": 0.08817636390578625,
                "error_rate": 0.6388676716801717
            },
            "morphemes": {
                "accuracy": {
                    "macro": 0.485612297560827,
                    "micro": 0.475
                },
                "classes": {
                    "stem": {
                        "prec": 0.45121951219512196,
                        "rec": 0.4277456647398844,
                        "f1": 0.4391691394658753
                    },
                    "gram": {
                        "prec": 0.7441860465116279,
                        "rec": 0.7619047619047619,
                        "f1": 0.7529411764705882
                    }
                },
                "bleu": 0.35962962318585534,
                "error_rate": 0.5185543691058397
            },
            "characters": {
                "error_rate": 0.46555824998883183
            }
        },
        "segmentation": {
            "accuracy": 0.9791666666666666,
            "precision": 0.9940476190476191,
            "recall": 1.0,
            "f1": 0.9965277777777778,
            "edit_distance": 0.125
        },
        "alignment": 1.0
    }
}