{
    "ainu1240": {
        "glossing": {
            "words": {
                "accuracy": {
                    "macro": 0.8406765903587942,
                    "micro": 0.8425480769230769
                },
                "bleu": 0.703019728252503,
                "error_rate": 0.14679185927067304
            },
            "morphemes": {
                "accuracy": {
                    "macro": 0.7915597168935241,
                    "micro": 0.7728733299509555
                },
                "classes": {
                    "stem": {
                        "prec": 0.7601736299511666,
                        "rec": 0.7456093666844066,
                        "f1": 0.7528210639441161
                    },
                    "gram": {
                        "prec": 0.8447042400977142,
                        "rec": 0.845589519650655,
                        "f1": 0.8451466480446926
                    }
                },
                "bleu": 0.8439166939641265,
                "error_rate": 0.11884998407780988
            },
            "characters": {
                "error_rate": 0.11537550444992567
            }
        },
        "segmentation": {
            "accuracy": 0.764406779661017,
            "precision": 0.9572948849425339,
            "recall": 0.9606196730623854,
            "f1": 0.9584176249539506,
            "edit_distance": 0.4101694915254237
        },
        "alignment": 0.9845213024441214
    },
    "arap1274": {
        "glossing": {
            "words": {
                "accuracy": {
                    "macro": 0.7305160444647558,
                    "micro": 0.7593212377429394
                },
                "bleu": 0.5833498004578677,
                "error_rate": 0.2697165329779601
            },
            "morphemes": {
                "accuracy": {
                    "macro": 0.7756029074356637,
                    "micro": 0.7673221124448878
                },
                "classes": {
                    "stem": {
                        "prec": 0.7542220275466005,
                        "rec": 0.7448690218697428,
                        "f1": 0.7495163474559875
                    },
                    "gram": {
                        "prec": 0.8699658854282043,
                        "rec": 0.8612280701754386,
                        "f1": 0.8655749267153027
                    }
                },
                "bleu": 0.7584206439311576,
                "error_rate": 0.1807360550003008
            },
            "characters": {
                "error_rate": 0.16733936091699933
            }
        },
        "segmentation": {
            "accuracy": 0.648588575238942,
            "precision": 0.8990651291140881,
            "recall": 0.8982272276987591,
            "f1": 0.8975073308196021,
            "edit_distance": 0.7623916425872416
        },
        "alignment": 0.9788236345629094
    },
    "dido1241": {
        "glossing": {
            "words": {
                "accuracy": {
                    "macro": 0.8499441367949789,
                    "micro": 0.8442500533390228
                },
                "bleu": 0.6658285257845709,
                "error_rate": 0.14976393501935573
            },
            "morphemes": {
                "accuracy": {
                    "macro": 0.8285868327533,
                    "micro": 0.8049176776429809
                },
                "classes": {
                    "stem": {
                        "prec": 0.7951751333797262,
                        "rec": 0.7920517560073937,
                        "f1": 0.7936103715707836
                    },
                    "gram": {
                        "prec": 0.8496982995063083,
                        "rec": 0.8465406055306591,
                        "f1": 0.8481165133596146
                    }
                },
                "bleu": 0.8639893557335112,
                "error_rate": 0.0882210263308487
            },
            "characters": {
                "error_rate": 0.07121919779055924
            }
        },
        "segmentation": {
            "accuracy": 0.6153846153846154,
            "precision": 0.9682046594970126,
            "recall": 0.9686364392830356,
            "f1": 0.9682718868000806,
            "edit_distance": 0.7647058823529411
        },
        "alignment": 0.9919965772494702
    },
    "gitx1241": {
        "glossing": {
            "words": {
                "accuracy": {
                    "macro": 0.2659786005374241,
                    "micro": 0.2838541666666667
                },
                "bleu": 0.08402862902548358,
                "error_rate": 0.7263940241881419
            },
            "morphemes": {
                "accuracy": {
                    "macro": 0.18437464804860637,
                    "micro": 0.14327062228654125
                },
                "classes": {
                    "stem": {
                        "prec": 0.09565217391304348,
                        "rec": 0.08239700374531835,
                        "f1": 0.08853118712273642
                    },
                    "gram": {
                        "prec": 0.30510752688172044,
                        "rec": 0.29442282749675747,
                        "f1": 0.2996699669966997
                    }
                },
                "bleu": 0.29635981910332465,
                "error_rate": 0.6327192217705577
            },
            "characters": {
                "error_rate": 0.514957987741381
            }
        },
        "segmentation": {
            "accuracy": 0.0,
            "precision": 0.610996479502003,
            "recall": 0.5514532344825762,
            "f1": 0.5752860812448831,
            "edit_distance": 8.08108108108108
        },
        "alignment": 0.8713223439293485
    },
    "lezg1247": {
        "glossing": {
            "words": {
                "accuracy": {
                    "macro": 0.5178430694319472,
                    "micro": 0.49271844660194175
                },
                "bleu": 0.14904383009251868,
                "error_rate": 0.47901227648000244
            },
            "morphemes": {
                "accuracy": {
                    "macro": 0.5074936051570259,
                    "micro": 0.4604519774011299
                },
                "classes": {
                    "stem": {
                        "prec": 0.4552238805970149,
                        "rec": 0.44634146341463415,
                        "f1": 0.4507389162561576
                    },
                    "gram": {
                        "prec": 0.6058282208588958,
                        "rec": 0.6012176560121766,
                        "f1": 0.6035141329258977
                    }
                },
                "bleu": 0.48148696376401495,
                "error_rate": 0.3903085538876845
            },
            "characters": {
                "error_rate": 0.29562116184746845
            }
        },
        "segmentation": {
            "accuracy": 0.16981132075471697,
            "precision": 0.8322912855277862,
            "recall": 0.8305904069992409,
            "f1": 0.8302516908054918,
            "edit_distance": 4.867924528301887
        },
        "alignment": 0.9562373757829805
    },
    "natu1246": {
        "glossing": {
            "words": {
                "accuracy": {
                    "macro": 0.7430284951384691,
                    "micro": 0.7489130434782608
                },
                "bleu": 0.5090012413774624,
                "error_rate": 0.25697150486153036
            },
            "morphemes": {
                "accuracy": {
                    "macro": 0.6196730390456999,
                    "micro": 0.6
                },
                "classes": {
                    "stem": {
                        "prec": 0.5770804911323328,
                        "rec": 0.5610079575596817,
                        "f1": 0.5689307330195025
                    },