{
    "ainu1240": {
        "glossing": {
            "words": {
                "accuracy": {
                    "macro": 0.8368690772504338,
                    "micro": 0.84375
                },
                "bleu": 0.6964324013631606,
                "error_rate": 0.1552422295218907
            },
            "morphemes": {
                "accuracy": {
                    "macro": 0.7930595838471617,
                    "micro": 0.7787924911212583
                },
                "classes": {
                    "stem": {
                        "prec": 0.7642122360584732,
                        "rec": 0.7511974454497073,
                        "f1": 0.7576489533011272
                    },
                    "gram": {
                        "prec": 0.8512757777001049,
                        "rec": 0.8508296943231441,
                        "f1": 0.8510526775574387
                    }
                },
                "bleu": 0.8333826216722704,
                "error_rate": 0.12191134883052235
            },
            "characters": {
                "error_rate": 0.11919503550026528
            }
        },
        "segmentation": {
            "accuracy": 0.7813559322033898,
            "precision": 0.9632416149848064,
            "recall": 0.9643798302176201,
            "f1": 0.9633207274742065,
            "edit_distance": 0.3728813559322034
        },
        "alignment": 0.982333661595901
    },
    "arap1274": {
        "glossing": {
            "words": {
                "accuracy": {
                    "macro": 0.7357647449199929,
                    "micro": 0.7647231518994774
                },
                "bleu": 0.5814170763717872,
                "error_rate": 0.2642490554605536
            },
            "morphemes": {
                "accuracy": {
                    "macro": 0.7821597902200164,
                    "micro": 0.7753355002735494
                },
                "classes": {
                    "stem": {
                        "prec": 0.7600194552529183,
                        "rec": 0.751069454458063,
                        "f1": 0.7555179499576936
                    },
                    "gram": {
                        "prec": 0.8775836068482215,
                        "rec": 0.8678070175438597,
                        "f1": 0.8726679310192741
                    }
                },
                "bleu": 0.7625703563004306,
                "error_rate": 0.1770220770255467
            },
            "characters": {
                "error_rate": 0.16436319434351132
            }
        },
        "segmentation": {
            "accuracy": 0.6645921315847966,
            "precision": 0.9037252221772514,
            "recall": 0.9035090567670522,
            "f1": 0.9025383912323678,
            "edit_distance": 0.7232718381862636
        },
        "alignment": 0.9835264407819989
    },
    "dido1241": {
        "glossing": {
            "words": {
                "accuracy": {
                    "macro": 0.8503007929962336,
                    "micro": 0.8457435459782376
                },
                "bleu": 0.6677659698158758,
                "error_rate": 0.14969920700376757
            },
            "morphemes": {
                "accuracy": {
                    "macro": 0.8317217960466339,
                    "micro": 0.8044844020797227
                },
                "classes": {
                    "stem": {
                        "prec": 0.7953121373868647,
                        "rec": 0.7918207024029574,
                        "f1": 0.7935625795993979
                    },
                    "gram": {
                        "prec": 0.8505482456140351,
                        "rec": 0.8478522242868073,
                        "f1": 0.8491980951338333
                    }
                },
                "bleu": 0.8635471775035758,
                "error_rate": 0.0889850567502737
            },
            "characters": {
                "error_rate": 0.07208157341599891
            }
        },
        "segmentation": {
            "accuracy": 0.5950226244343891,
            "precision": 0.9668971997223991,
            "recall": 0.9667278327956249,
            "f1": 0.9666780454447188,
            "edit_distance": 0.8054298642533937
        },
        "alignment": 0.9952410802632398
    },
    "gitx1241": {
        "glossing": {
            "words": {
                "accuracy": {
                    "macro": 0.35287197346020877,
                    "micro": 0.34375
                },
                "bleu": 0.09884446638834568,
                "error_rate": 0.6415395503630797
            },
            "morphemes": {
                "accuracy": {
                    "macro": 0.20499481917127169,
                    "micro": 0.15195369030390737
                },
                "classes": {
                    "stem": {
                        "prec": 0.09130434782608696,
                        "rec": 0.07865168539325842,
                        "f1": 0.08450704225352113
                    },
                    "gram": {
                        "prec": 0.34156378600823045,
                        "rec": 0.3229571984435798,
                        "f1": 0.33199999999999996
                    }
                },
                "bleu": 0.3239180611122198,
                "error_rate": 0.6032406723714875
            },
            "characters": {
                "error_rate": 0.49986441514101704
            }
        },
        "segmentation": {
            "accuracy": 0.02702702702702703,
            "precision": 0.6434854757914902,
            "recall": 0.5788502404192695,
            "f1": 0.605290948013337,
            "edit_distance": 7.324324324324325
        },
        "alignment": 0.9192135243338152
    },
    "lezg1247": {
        "glossing": {
            "words": {
                "accuracy": {
                    "macro": 0.5250494898459148,
                    "micro": 0.5169902912621359
                },
                "bleu": 0.1665193345530071,
                "error_rate": 0.4736028012592064
            },
            "morphemes": {
                "accuracy": {
                    "macro": 0.4912164211143209,
                    "micro": 0.4378531073446328
                },
                "classes": {
                    "stem": {
                        "prec": 0.42857142857142855,
                        "rec": 0.4170731707317073,
                        "f1": 0.4227441285537701
                    },
                    "gram": {
                        "prec": 0.5531914893617021,
                        "rec": 0.5540334855403348,
                        "f1": 0.5536121673003803
                    }
                },
                "bleu": 0.5034816531791783,
                "error_rate": 0.3826806005153978
            },
            "characters": {
                "error_rate": 0.2948742227005958
            }
        },
        "segmentation": {
            "accuracy": 0.1509433962264151,
            "precision": 0.8248736536083926,
            "recall": 0.8283965323429103,
            "f1": 0.8259638114970549,
            "edit_distance": 4.943396226415095
        },
        "alignment": 0.9731165136696763
    },
    "natu1246": {
        "glossing": {
            "words": {
                "accuracy": {
                    "macro": 0.7418861461303141,
                    "micro": 0.7489130434782608
                },
                "bleu": 0.5128343684296753,
                "error_rate": 0.25811385386968577
            },
            "morphemes": {
                "accuracy": {
                    "macro": 0.650081622432666,
                    "micro": 0.6350453172205438
                },
                "classes": {
                    "stem": {
                        "prec": 0.5877551020408164,
                        "rec": 0.5729442970822282,