{
    "ainu1240": {
        "glossing": {
            "words": {
                "accuracy": {
                    "macro": 0.7521313797167707,
                    "micro": 0.7542760372565622
                },
                "bleu": 69.82097827063,
                "error_rate": 0.2203455664620996
            },
            "morphemes": {
                "accuracy": {
                    "macro": 0.7184691010988323,
                    "micro": 0.6996207332490518
                },
                "classes": {
                    "stem": {
                        "prec": 0.704241948153967,
                        "rec": 0.683047619047619,
                        "f1": 0.6934828853219879
                    },
                    "gram": {
                        "prec": 0.7900351242357226,
                        "rec": 0.7755075980079172,
                        "f1": 0.7827039566954505
                    }
                },
                "bleu": 80.5507060207385,
                "error_rate": 0.24498381223066568
            },
            "characters": {
                "error_rate": 0.31909610432599056
            }
        },
        "segmentation": {
            "accuracy": 0.7098092643051771,
            "precision": 0.9425784290365021,
            "recall": 0.9469974240404743,
            "f1": 0.9440795840386514,
            "edit_distance": 0.8106267029972752
        },
        "alignment": 0.8955627776763722
    },
    "arap1274": {
        "glossing": {
            "words": {
                "accuracy": {
                    "macro": 0.6882743448302191,
                    "micro": 0.6607182590894931
                },
                "bleu": 53.93451837905131,
                "error_rate": 0.23741852646976114
            },
            "morphemes": {
                "accuracy": {
                    "macro": 0.7239439806924125,
                    "micro": 0.6834939254294093
                },
                "classes": {
                    "stem": {
                        "prec": 0.7037672599569,
                        "rec": 0.6648194224534419,
                        "f1": 0.6837391439205955
                    },
                    "gram": {
                        "prec": 0.8031232976212094,
                        "rec": 0.7605846947549441,
                        "f1": 0.781275393040099
                    }
                },
                "bleu": 73.48234828059786,
                "error_rate": 0.1809607665365359
            },
            "characters": {
                "error_rate": 0.19297516021554556
            }
        },
        "segmentation": {
            "accuracy": 0.5989727380482023,
            "precision": 0.8728398805230377,
            "recall": 0.8718387239483267,
            "f1": 0.8710733562128864,
            "edit_distance": 1.1819438956934019
        },
        "alignment": 0.9138214907841733
    },
    "dido1241": {
        "glossing": {
            "words": {
                "accuracy": {
                    "macro": 0.856666039736481,
                    "micro": 0.8487928843710292
                },
                "bleu": 68.81059578049998,
                "error_rate": 0.1228791023562416
            },
            "morphemes": {
                "accuracy": {
                    "macro": 0.8278382508260274,
                    "micro": 0.8022904062229905
                },
                "classes": {
                    "stem": {
                        "prec": 0.7975717954704646,
                        "rec": 0.7933116581514166,
                        "f1": 0.7954360228198858
                    },
                    "gram": {
                        "prec": 0.8426258015433105,
                        "rec": 0.8399783315276274,
                        "f1": 0.8412999837230752
                    }
                },
                "bleu": 87.47152179878424,
                "error_rate": 0.07469171720703438
            },
            "characters": {
                "error_rate": 0.06565704761350381
            }
        },
        "segmentation": {
            "accuracy": 0.6266968325791855,
            "precision": 0.9682222313743774,
            "recall": 0.9688687784072166,
            "f1": 0.9683975851453752,
            "edit_distance": 0.7760180995475113
        },
        "alignment": 0.9149327209675766
    },
    "gitx1241": {
        "glossing": {
            "words": {
                "accuracy": {
                    "macro": 0.34726830094477135,
                    "micro": 0.32727272727272727
                },
                "bleu": 9.19378315397315,
                "error_rate": 0.5643263885910946
            },
            "morphemes": {
                "accuracy": {
                    "macro": 0.2548853244572582,
                    "micro": 0.1893063583815029
                },
                "classes": {
                    "stem": {
                        "prec": 0.14035087719298245,
                        "rec": 0.11940298507462686,
                        "f1": 0.1290322580645161
                    },
                    "gram": {
                        "prec": 0.3586387434554974,
                        "rec": 0.3549222797927461,
                        "f1": 0.3567708333333333
                    }
                },
                "bleu": 32.80484089545141,
                "error_rate": 0.5491306662702392
            },
            "characters": {
                "error_rate": 1.7486015585295218
            }
        },
        "segmentation": {
            "accuracy": 0.0,
            "precision": 0.603020187790891,
            "recall": 0.5587163676600544,
            "f1": 0.5760002223959177,
            "edit_distance": 8.27027027027027
        },
        "alignment": 0.8548874452531596
    },
    "lezg1247": {
        "glossing": {
            "words": {
                "accuracy": {
                    "macro": 0.5156700741606403,
                    "micro": 0.48448687350835323
                },
                "bleu": 18.126353204874256,
                "error_rate": 0.41745120707384864
            },
            "morphemes": {
                "accuracy": {
                    "macro": 0.5130992937548092,
                    "micro": 0.45734265734265733
                },
                "classes": {
                    "stem": {
                        "prec": 0.4603960396039604,
                        "rec": 0.4460431654676259,
                        "f1": 0.4531059683313033
                    },
                    "gram": {
                        "prec": 0.6085626911314985,
                        "rec": 0.5993975903614458,
                        "f1": 0.6039453717754173
                    }
                },
                "bleu": 52.75047908769913,
                "error_rate": 0.34405166516966296
            },
            "characters": {
                "error_rate": 0.2716335414346271
            }
        },
        "segmentation": {
            "accuracy": 0.16981132075471697,
            "precision": 0.8311616521282859,
            "recall": 0.8350664341167773,
            "f1": 0.8320789372864642,
            "edit_distance": 4.849056603773585
        },
        "alignment": 0.9612640756654975
    },
    "natu1246": {
        "glossing": {
            "words": {
                "accuracy": {
                    "macro": 0.7447165884592207,
                    "micro": 0.7597471022128557
                },
                "bleu": 55.7628842936912,
                "error_rate": 0.22161938123643296
            },
            "morphemes": {
                "accuracy": {
                    "macro": 0.6497372742426363,
                    "micro": 0.6375519904931669
                },
                "classes": {
                    "stem": {
                        "prec": 0.6188524590163934,
                        "rec": 0.59526938239159,
                        "f1": 0.6068318821165439
                    },