{
    "dido1241": {
        "glossing": {
            "word_level": {
                "average_accuracy": 0.14322678150556004,
                "accuracy": 0.1270378996400593
            },
            "morpheme_accuracy": {
                "average_accuracy": 0.12673478862411808,
                "accuracy": 0.10878254294047747
            },
            "classes": {
                "stem": {
                    "prec": 0.14723448454946766,
                    "rec": 0.1316461574181565,
                    "f1": 0.13900465800441283
                },
                "gram": {
                    "prec": 0.23973157468471595,
                    "rec": 0.22446105514028816,
                    "f1": 0.23184513818954908
                }
            },
            "bleu": 32.42007564382835
        }
    },
    "all": {
        "glossing": {
            "word_level": {
                "average_accuracy": 0.14322678150556004,
                "accuracy": 0.1270378996400593
            },
            "morpheme_accuracy": {
                "average_accuracy": 0.12673478862411808,
                "accuracy": 0.10878254294047747
            },
            "classes": {
                "stem": {
                    "prec": 0.14723448454946766,
                    "rec": 0.1316461574181565,
                    "f1": 0.13900465800441283
                },
                "gram": {
                    "prec": 0.23973157468471595,
                    "rec": 0.22446105514028816,
                    "f1": 0.23184513818954908
                }
            },
            "bleu": 32.42007564382835
        }
    }
}