{
    "natu1246": {
        "glossing": {
            "words": {
                "accuracy": {
                    "macro": 0.5313393850158555,
                    "micro": 0.5293478260869565
                },
                "bleu": 0.3058059602054403,
                "error_rate": 0.4193608900421269
            },
            "morphemes": {
                "accuracy": {
                    "macro": 0.3603051710470295,
                    "micro": 0.3577039274924471
                },
                "classes": {
                    "stem": {
                        "prec": 0.36185133239831696,
                        "rec": 0.3421750663129973,
                        "f1": 0.3517382413087935
                    },
                    "gram": {
                        "prec": 0.482487922705314,
                        "rec": 0.4639953542392567,
                        "f1": 0.4730609828300769
                    }
                },
                "bleu": 0.580089862442574,
                "error_rate": 0.3857177968518119
            },
            "characters": {
                "error_rate": 0.30761824864355625
            }
        }
    },
    "all": {
        "glossing": {
            "words": {
                "accuracy": {
                    "macro": 0.5313393850158555,
                    "micro": 0.5293478260869565
                },
                "bleu": 0.3058059602054403,
                "error_rate": 0.4193608900421269
            },
            "morphemes": {
                "accuracy": {
                    "macro": 0.3603051710470295,
                    "micro": 0.3577039274924471
                },
                "classes": {
                    "stem": {
                        "prec": 0.36185133239831696,
                        "rec": 0.3421750663129973,
                        "f1": 0.3517382413087935
                    },
                    "gram": {
                        "prec": 0.482487922705314,
                        "rec": 0.4639953542392567,
                        "f1": 0.4730609828300769
                    }
                },
                "bleu": 0.580089862442574,
                "error_rate": 0.3857177968518119
            },
            "characters": {
                "error_rate": 0.30761824864355625
            }
        }
    }
}