{
    "ainu1240": {
        "glossing": {
            "words": {
                "accuracy": {
                    "macro": 0.8860287946516758,
                    "micro": 0.8918269230769231
                },
                "bleu": 0.7607017486397161,
                "error_rate": 0.11300268234590281
            },
            "morphemes": {
                "accuracy": {
                    "macro": 0.8486331309909587,
                    "micro": 0.8332487738880433
                },
                "classes": {
                    "stem": {
                        "prec": 0.8169618894256575,
                        "rec": 0.8097898377227987,
                        "f1": 0.8133600534402137
                    },
                    "gram": {
                        "prec": 0.8973550534244176,
                        "rec": 0.8950034940600978,
                        "f1": 0.8961777311291874
                    }
                },
                "bleu": 0.8770065204571923,
                "error_rate": 0.09538752694024817
            },
            "characters": {
                "error_rate": 0.09161790062405092
            }
        },
        "segmentation": {
            "accuracy": 0.7898305084745763,
            "precision": 0.9633568195009535,
            "recall": 0.9630814111080297,
            "f1": 0.9626971642385146,
            "edit_distance": 0.376271186440678
        },
        "alignment": 1.0
    },
    "arap1274": {
        "glossing": {
            "words": {
                "accuracy": {
                    "macro": 0.7681252614106091,
                    "micro": 0.7933767835124186
                },
                "bleu": 0.630624313787545,
                "error_rate": 0.2315381965658063
            },
            "morphemes": {
                "accuracy": {
                    "macro": 0.8099252146001502,
                    "micro": 0.8020789753161909
                },
                "classes": {
                    "stem": {
                        "prec": 0.7892820736857434,
                        "rec": 0.7815428983417447,
                        "f1": 0.785393421243298
                    },
                    "gram": {
                        "prec": 0.8908511485858451,
                        "rec": 0.8827631578947368,
                        "f1": 0.886788711915934
                    }
                },
                "bleu": 0.7955328631502155,
                "error_rate": 0.15192955693594637
            },
            "characters": {
                "error_rate": 0.1419400687316045
            }
        },
        "segmentation": {
            "accuracy": 0.6850411202489443,
            "precision": 0.9105874292400356,
            "recall": 0.9108834983148084,
            "f1": 0.9098067238686919,
            "edit_distance": 0.7012669482107134
        },
        "alignment": 0.9997920209974213
    },
    "dido1241": {
        "glossing": {
            "words": {
                "accuracy": {
                    "macro": 0.8753579788675522,
                    "micro": 0.8719863452101557
                },
                "bleu": 0.7202706420096769,
                "error_rate": 0.1242649472259626
            },
            "morphemes": {
                "accuracy": {
                    "macro": 0.8646998333130426,
                    "micro": 0.8468370883882149
                },
                "classes": {
                    "stem": {
                        "prec": 0.8432419879238272,
                        "rec": 0.8389556377079482,
                        "f1": 0.8410933518647208
                    },
                    "gram": {
                        "prec": 0.8828878177037687,
                        "rec": 0.8808612963165373,
                        "f1": 0.8818733927887509
                    }
                },
                "bleu": 0.8865435987539826,
                "error_rate": 0.07163198889127377
            },
            "characters": {
                "error_rate": 0.05934413254868522
            }
        },
        "segmentation": {
            "accuracy": 0.6289592760180995,
            "precision": 0.9727478489453766,
            "recall": 0.9715195268704139,
            "f1": 0.9720362495459148,
            "edit_distance": 0.6900452488687783
        },
        "alignment": 1.0
    },
    "gitx1241": {
        "glossing": {
            "words": {
                "accuracy": {
                    "macro": 0.3805345158286335,
                    "micro": 0.3828125
                },
                "bleu": 0.10286186361058099,
                "error_rate": 0.6194654841713666
            },
            "morphemes": {
                "accuracy": {
                    "macro": 0.21731475267012595,
                    "micro": 0.1577424023154848
                },
                "classes": {
                    "stem": {
                        "prec": 0.10666666666666667,
                        "rec": 0.0898876404494382,
                        "f1": 0.09756097560975609
                    },
                    "gram": {
                        "prec": 0.3328804347826087,
                        "rec": 0.31776913099870296,
                        "f1": 0.32514930325149305
                    }
                },
                "bleu": 0.3604777117028682,
                "error_rate": 0.5972636074965473
            },
            "characters": {
                "error_rate": 0.4689777337645569
            }
        },
        "segmentation": {
            "accuracy": 0.02702702702702703,
            "precision": 0.627729053458209,
            "recall": 0.5728014055705318,
            "f1": 0.5953885966299959,
            "edit_distance": 7.4324324324324325
        },
        "alignment": 1.0
    },
    "lezg1247": {
        "glossing": {
            "words": {
                "accuracy": {
                    "macro": 0.5737701777423725,
                    "micro": 0.5800970873786407
                },
                "bleu": 0.28012846637627187,
                "error_rate": 0.44509774678592934
            },
            "morphemes": {
                "accuracy": {
                    "macro": 0.5751998375868499,
                    "micro": 0.5310734463276836
                },
                "classes": {
                    "stem": {
                        "prec": 0.5175,
                        "rec": 0.5048780487804878,
                        "f1": 0.5111111111111111
                    },
                    "gram": {
                        "prec": 0.6452599388379205,
                        "rec": 0.6423135464231354,
                        "f1": 0.6437833714721587
                    }
                },
                "bleu": 0.5702466888817114,
                "error_rate": 0.35652528105408626
            },
            "characters": {
                "error_rate": 0.29115405190884447
            }
        },
        "segmentation": {
            "accuracy": 0.1320754716981132,
            "precision": 0.7748829135019055,
            "recall": 0.7954143030634738,
            "f1": 0.7822368015798904,
            "edit_distance": 5.056603773584905
        },
        "alignment": 1.0
    },
    "natu1246": {
        "glossing": {
            "words": {
                "accuracy": {
                    "macro": 0.7945336003965778,
                    "micro": 0.808695652173913
                },
                "bleu": 0.6104432646615915,
                "error_rate": 0.20546639960342192
            },
            "morphemes": {
                "accuracy": {
                    "macro": 0.7168066827989895,
                    "micro": 0.7117824773413898
                },
                "classes": {
                    "stem": {
                        "prec": 0.6798365122615804,
                        "rec": 0.6618037135278515,
                        "f1": 0.6706989247311828
                    },