{
    "ainu1240": {
        "glossing": {
            "words": {
                "accuracy": {
                    "macro": 0.8739514299260065,
                    "micro": 0.8754807692307692
                },
                "bleu": 0.7678207055503294,
                "error_rate": 0.11471428289224914
            },
            "morphemes": {
                "accuracy": {
                    "macro": 0.8365912457671584,
                    "micro": 0.8181971926264163
                },
                "classes": {
                    "stem": {
                        "prec": 0.816508795669824,
                        "rec": 0.8028206492815327,
                        "f1": 0.8096068697168926
                    },
                    "gram": {
                        "prec": 0.8689498514764984,
                        "rec": 0.868646288209607,
                        "f1": 0.8687980433263452
                    }
                },
                "bleu": 0.8839419227370574,
                "error_rate": 0.08792069663418561
            },
            "characters": {
                "error_rate": 0.08384006482332647
            }
        }
    },
    "all": {
        "glossing": {
            "words": {
                "accuracy": {
                    "macro": 0.8739514299260065,
                    "micro": 0.8754807692307692
                },
                "bleu": 0.7678207055503294,
                "error_rate": 0.11471428289224914
            },
            "morphemes": {
                "accuracy": {
                    "macro": 0.8365912457671584,
                    "micro": 0.8181971926264163
                },
                "classes": {
                    "stem": {
                        "prec": 0.816508795669824,
                        "rec": 0.8028206492815327,
                        "f1": 0.8096068697168926
                    },
                    "gram": {
                        "prec": 0.8689498514764984,
                        "rec": 0.868646288209607,
                        "f1": 0.8687980433263452
                    }
                },
                "bleu": 0.8839419227370574,
                "error_rate": 0.08792069663418561
            },
            "characters": {
                "error_rate": 0.08384006482332647
            }
        }
    }
}