{
    "lezg1247": {
        "segmentation": {
            "accuracy": 0.1509433962264151,
            "precision": 0.7283904534459695,
            "recall": 0.7076996077654163,
            "f1": 0.7160142437514277,
            "edit_distance": 5.981132075471698
        }
    },
    "all": {
        "segmentation": {
            "accuracy": 0.1509433962264151,
            "precision": 0.7283904534459695,
            "recall": 0.7076996077654163,
            "f1": 0.7160142437514277,
            "edit_distance": 5.981132075471698
        }
    }
}