{
    "dido1241": {
        "glossing": {
            "word_level": {
                "average_accuracy": 0.009077102904940064,
                "accuracy": 0.007410544145670125
            },
            "morpheme_accuracy": {
                "average_accuracy": 0.017884528348049062,
                "accuracy": 0.014043426596089446
            },
            "classes": {
                "stem": {
                    "prec": 0.01440809968847352,
                    "rec": 0.017181332714186207,
                    "f1": 0.015672985280101664
                },
                "gram": {
                    "prec": 0.22904352498656635,
                    "rec": 0.1847037157404398,
                    "f1": 0.20449775112443777
                }
            },
            "bleu": 1.6175384977882408
        }
    },
    "all": {
        "glossing": {
            "word_level": {
                "average_accuracy": 0.009077102904940064,
                "accuracy": 0.007410544145670125
            },
            "morpheme_accuracy": {
                "average_accuracy": 0.017884528348049062,
                "accuracy": 0.014043426596089446
            },
            "classes": {
                "stem": {
                    "prec": 0.01440809968847352,
                    "rec": 0.017181332714186207,
                    "f1": 0.015672985280101664
                },
                "gram": {
                    "prec": 0.22904352498656635,
                    "rec": 0.1847037157404398,
                    "f1": 0.20449775112443777
                }
            },
            "bleu": 1.6175384977882408
        }
    }
}