{
    "arap1274": {
        "glossing": {
            "words": {
                "accuracy": {
                    "macro": 0.8075659399658268,
                    "micro": 0.8267277317832188
                },
                "bleu": 0.6766372563485197,
                "error_rate": 0.19266801515810164
            },
            "morphemes": {
                "accuracy": {
                    "macro": 0.8387756314173933,
                    "micro": 0.8275029768609403
                },
                "classes": {
                    "stem": {
                        "prec": 0.8194686833430289,
                        "rec": 0.8124969959144437,
                        "f1": 0.8159679482538074
                    },
                    "gram": {
                        "prec": 0.9025005532197389,
                        "rec": 0.8943859649122807,
                        "f1": 0.8984249366670337
                    }
                },
                "bleu": 0.8273792125140065,
                "error_rate": 0.12805259162067728
            },
            "characters": {
                "error_rate": 0.122305565041703
            }
        },
        "segmentation": {
            "accuracy": 0.7250500111135808,
            "precision": 0.9253472936629782,
            "recall": 0.9250789109107471,
            "f1": 0.9243573435088834,
            "edit_distance": 0.6099133140697933
        },
        "alignment": 0.9994209155075312
    },
    "all": {
        "glossing": {
            "words": {
                "accuracy": {
                    "macro": 0.8075659399658268,
                    "micro": 0.8267277317832188
                },
                "bleu": 0.6766372563485197,
                "error_rate": 0.19266801515810164
            },
            "morphemes": {
                "accuracy": {
                    "macro": 0.8387756314173933,
                    "micro": 0.8275029768609403
                },
                "classes": {
                    "stem": {
                        "prec": 0.8194686833430289,
                        "rec": 0.8124969959144437,
                        "f1": 0.8159679482538074
                    },
                    "gram": {
                        "prec": 0.9025005532197389,
                        "rec": 0.8943859649122807,
                        "f1": 0.8984249366670337
                    }
                },
                "bleu": 0.8273792125140065,
                "error_rate": 0.12805259162067728
            },
            "characters": {
                "error_rate": 0.122305565041703
            }
        },
        "segmentation": {
            "accuracy": 0.7250500111135808,
            "precision": 0.9253472936629782,
            "recall": 0.9250789109107471,
            "f1": 0.9243573435088834,
            "edit_distance": 0.6099133140697933
        },
        "alignment": 0.9994209155075312
    }
}