{
    "arap1274": {
        "glossing": {
            "words": {
                "accuracy": {
                    "macro": 0.8032224090827729,
                    "micro": 0.8234983265809407
                },
                "bleu": 0.6733702311492638,
                "error_rate": 0.19648087255815963
            },
            "morphemes": {
                "accuracy": {
                    "macro": 0.8383857407396429,
                    "micro": 0.8284362629935957
                },
                "classes": {
                    "stem": {
                        "prec": 0.8195918763026514,
                        "rec": 0.8127373227589522,
                        "f1": 0.8161502075489913
                    },
                    "gram": {
                        "prec": 0.9066406596329462,
                        "rec": 0.8970175438596492,
                        "f1": 0.901803430486353
                    }
                },
                "bleu": 0.8244482341064594,
                "error_rate": 0.1286291119171472
            },
            "characters": {
                "error_rate": 0.12332271670061798
            }
        },
        "segmentation": {
            "accuracy": 0.7279395421204712,
            "precision": 0.9272234519133082,
            "recall": 0.9249305931818066,
            "f1": 0.9252671769227304,
            "edit_distance": 0.6263614136474772
        },
        "alignment": 0.9994882826042694
    },
    "all": {
        "glossing": {
            "words": {
                "accuracy": {
                    "macro": 0.8032224090827729,
                    "micro": 0.8234983265809407
                },
                "bleu": 0.6733702311492638,
                "error_rate": 0.19648087255815963
            },
            "morphemes": {
                "accuracy": {
                    "macro": 0.8383857407396429,
                    "micro": 0.8284362629935957
                },
                "classes": {
                    "stem": {
                        "prec": 0.8195918763026514,
                        "rec": 0.8127373227589522,
                        "f1": 0.8161502075489913
                    },
                    "gram": {
                        "prec": 0.9066406596329462,
                        "rec": 0.8970175438596492,
                        "f1": 0.901803430486353
                    }
                },
                "bleu": 0.8244482341064594,
                "error_rate": 0.1286291119171472
            },
            "characters": {
                "error_rate": 0.12332271670061798
            }
        },
        "segmentation": {
            "accuracy": 0.7279395421204712,
            "precision": 0.9272234519133082,
            "recall": 0.9249305931818066,
            "f1": 0.9252671769227304,
            "edit_distance": 0.6263614136474772
        },
        "alignment": 0.9994882826042694
    }
}