{
    "natu1246": {
        "segmentation": {
            "accuracy": 0.3333333333333333,
            "precision": 0.9171909625492026,
            "recall": 0.9061210210713785,
            "f1": 0.9105896185927239,
            "edit_distance": 1.5353535353535352
        }
    },
    "all": {
        "segmentation": {
            "accuracy": 0.3333333333333333,
            "precision": 0.9171909625492026,
            "recall": 0.9061210210713785,
            "f1": 0.9105896185927239,
            "edit_distance": 1.5353535353535352
        }
    }
}