{
    "dido1241": {
        "glossing": {
            "words": {
                "accuracy": {
                    "macro": 0.8868921675798527,
                    "micro": 0.885214422871773
                },
                "bleu": 0.753990131127513,
                "error_rate": 0.1101105782916722
            },
            "morphemes": {
                "accuracy": {
                    "macro": 0.8779676296876027,
                    "micro": 0.8641681109185442
                },
                "classes": {
                    "stem": {
                        "prec": 0.862613135298213,
                        "rec": 0.8588262476894639,
                        "f1": 0.8607155262243835
                    },
                    "gram": {
                        "prec": 0.8956940944450531,
                        "rec": 0.8935402776259701,
                        "f1": 0.8946158896913985
                    }
                },
                "bleu": 0.9023038048041251,
                "error_rate": 0.06388550325943711
            },
            "characters": {
                "error_rate": 0.05225732466005378
            }
        },
        "segmentation": {
            "accuracy": 0.7330316742081447,
            "precision": 0.9769690778581605,
            "recall": 0.9758506871745577,
            "f1": 0.9763172633117889,
            "edit_distance": 0.47058823529411764
        },
        "alignment": 1.0
    },
    "all": {
        "glossing": {
            "words": {
                "accuracy": {
                    "macro": 0.8868921675798527,
                    "micro": 0.885214422871773
                },
                "bleu": 0.753990131127513,
                "error_rate": 0.1101105782916722
            },
            "morphemes": {
                "accuracy": {
                    "macro": 0.8779676296876027,
                    "micro": 0.8641681109185442
                },
                "classes": {
                    "stem": {
                        "prec": 0.862613135298213,
                        "rec": 0.8588262476894639,
                        "f1": 0.8607155262243835
                    },
                    "gram": {
                        "prec": 0.8956940944450531,
                        "rec": 0.8935402776259701,
                        "f1": 0.8946158896913985
                    }
                },
                "bleu": 0.9023038048041251,
                "error_rate": 0.06388550325943711
            },
            "characters": {
                "error_rate": 0.05225732466005378
            }
        },
        "segmentation": {
            "accuracy": 0.7330316742081447,
            "precision": 0.9769690778581605,
            "recall": 0.9758506871745577,
            "f1": 0.9763172633117889,
            "edit_distance": 0.47058823529411764
        },
        "alignment": 1.0
    }
}