{
    "dido1241": {
        "glossing": {
            "words": {
                "accuracy": {
                    "macro": 0.8823522202791904,
                    "micro": 0.8807339449541285
                },
                "bleu": 0.7391257612160876,
                "error_rate": 0.11639086669919126
            },
            "morphemes": {
                "accuracy": {
                    "macro": 0.8732334212331873,
                    "micro": 0.8568024263431543
                },
                "classes": {
                    "stem": {
                        "prec": 0.8539976825028969,
                        "rec": 0.8514325323475046,
                        "f1": 0.8527131782945736
                    },
                    "gram": {
                        "prec": 0.890594167945626,
                        "rec": 0.8879658979123402,
                        "f1": 0.8892780909638225
                    }
                },
                "bleu": 0.8962754317903833,
                "error_rate": 0.06812755177512907
            },
            "characters": {
                "error_rate": 0.05580429011825555
            }
        },
        "segmentation": {
            "accuracy": 0.6923076923076923,
            "precision": 0.9763677374365352,
            "recall": 0.9751303742055193,
            "f1": 0.9756557251237237,
            "edit_distance": 0.5407239819004525
        },
        "alignment": 1.0
    },
    "all": {
        "glossing": {
            "words": {
                "accuracy": {
                    "macro": 0.8823522202791904,
                    "micro": 0.8807339449541285
                },
                "bleu": 0.7391257612160876,
                "error_rate": 0.11639086669919126
            },
            "morphemes": {
                "accuracy": {
                    "macro": 0.8732334212331873,
                    "micro": 0.8568024263431543
                },
                "classes": {
                    "stem": {
                        "prec": 0.8539976825028969,
                        "rec": 0.8514325323475046,
                        "f1": 0.8527131782945736
                    },
                    "gram": {
                        "prec": 0.890594167945626,
                        "rec": 0.8879658979123402,
                        "f1": 0.8892780909638225
                    }
                },
                "bleu": 0.8962754317903833,
                "error_rate": 0.06812755177512907
            },
            "characters": {
                "error_rate": 0.05580429011825555
            }
        },
        "segmentation": {
            "accuracy": 0.6923076923076923,
            "precision": 0.9763677374365352,
            "recall": 0.9751303742055193,
            "f1": 0.9756557251237237,
            "edit_distance": 0.5407239819004525
        },
        "alignment": 1.0
    }
}