{
    "dido1241": {
        "glossing": {
            "words": {
                "accuracy": {
                    "macro": 0.8584504127012145,
                    "micro": 0.8547045018135268
                },
                "bleu": 0.7044871198298577,
                "error_rate": 0.1354991332279701
            },
            "morphemes": {
                "accuracy": {
                    "macro": 0.8396673306908301,
                    "micro": 0.8140164644714039
                },
                "classes": {
                    "stem": {
                        "prec": 0.8125435540069686,
                        "rec": 0.8082255083179297,
                        "f1": 0.8103787791034404
                    },
                    "gram": {
                        "prec": 0.8545354590434304,
                        "rec": 0.8494917477319925,
                        "f1": 0.8520061390046042
                    }
                },
                "bleu": 0.8781028949230375,
                "error_rate": 0.08167328512703972
            },
            "characters": {
                "error_rate": 0.06734910179399707
            }
        }
    },
    "all": {
        "glossing": {
            "words": {
                "accuracy": {
                    "macro": 0.8584504127012145,
                    "micro": 0.8547045018135268
                },
                "bleu": 0.7044871198298577,
                "error_rate": 0.1354991332279701
            },
            "morphemes": {
                "accuracy": {
                    "macro": 0.8396673306908301,
                    "micro": 0.8140164644714039
                },
                "classes": {
                    "stem": {
                        "prec": 0.8125435540069686,
                        "rec": 0.8082255083179297,
                        "f1": 0.8103787791034404
                    },
                    "gram": {
                        "prec": 0.8545354590434304,
                        "rec": 0.8494917477319925,
                        "f1": 0.8520061390046042
                    }
                },
                "bleu": 0.8781028949230375,
                "error_rate": 0.08167328512703972
            },
            "characters": {
                "error_rate": 0.06734910179399707
            }
        }
    }
}