{
    "gitx1241": {
        "glossing": {
            "words": {
                "accuracy": {
                    "macro": 0.3535974756562992,
                    "micro": 0.3385416666666667
                },
                "bleu": 0.11174968236462779,
                "error_rate": 0.6375380448909862
            },
            "morphemes": {
                "accuracy": {
                    "macro": 0.2268874544551893,
                    "micro": 0.1577424023154848
                },
                "classes": {
                    "stem": {
                        "prec": 0.09130434782608696,
                        "rec": 0.07865168539325842,
                        "f1": 0.08450704225352113
                    },
                    "gram": {
                        "prec": 0.3638928067700987,
                        "rec": 0.3346303501945525,
                        "f1": 0.3486486486486486
                    }
                },
                "bleu": 0.3230687087749733,
                "error_rate": 0.5744692614683384
            },
            "characters": {
                "error_rate": 0.48157230938335815
            }
        },
        "segmentation": {
            "accuracy": 0.02702702702702703,
            "precision": 0.6516361479519376,
            "recall": 0.5803592542139553,
            "f1": 0.6097914192868727,
            "edit_distance": 7.513513513513513
        },
        "alignment": 0.9745322430951059
    },
    "all": {
        "glossing": {
            "words": {
                "accuracy": {
                    "macro": 0.3535974756562992,
                    "micro": 0.3385416666666667
                },
                "bleu": 0.11174968236462779,
                "error_rate": 0.6375380448909862
            },
            "morphemes": {
                "accuracy": {
                    "macro": 0.2268874544551893,
                    "micro": 0.1577424023154848
                },
                "classes": {
                    "stem": {
                        "prec": 0.09130434782608696,
                        "rec": 0.07865168539325842,
                        "f1": 0.08450704225352113
                    },
                    "gram": {
                        "prec": 0.3638928067700987,
                        "rec": 0.3346303501945525,
                        "f1": 0.3486486486486486
                    }
                },
                "bleu": 0.3230687087749733,
                "error_rate": 0.5744692614683384
            },
            "characters": {
                "error_rate": 0.48157230938335815
            }
        },
        "segmentation": {
            "accuracy": 0.02702702702702703,
            "precision": 0.6516361479519376,
            "recall": 0.5803592542139553,
            "f1": 0.6097914192868727,
            "edit_distance": 7.513513513513513
        },
        "alignment": 0.9745322430951059
    }
}