{
    "arap1274": {
        "segmentation": {
            "accuracy": 0.7270504556568126,
            "precision": 0.9262642983063893,
            "recall": 0.9257068643596943,
            "f1": 0.9250951644068942,
            "edit_distance": 0.6059124249833296
        }
    },
    "all": {
        "segmentation": {
            "accuracy": 0.7270504556568126,
            "precision": 0.9262642983063893,
            "recall": 0.9257068643596943,
            "f1": 0.9250951644068942,
            "edit_distance": 0.6059124249833296
        }
    }
}