{
    "natu1246": {
        "glossing": {
            "words": {
                "accuracy": {
                    "macro": 0.8026418599211749,
                    "micro": 0.8076086956521739
                },
                "bleu": 0.6034860989701153,
                "error_rate": 0.1973581400788251
            },
            "morphemes": {
                "accuracy": {
                    "macro": 0.6785657296646169,
                    "micro": 0.6682779456193354
                },
                "classes": {
                    "stem": {
                        "prec": 0.621438263229308,
                        "rec": 0.6074270557029178,
                        "f1": 0.6143527833668678
                    },
                    "gram": {
                        "prec": 0.7482352941176471,
                        "rec": 0.7386759581881533,
                        "f1": 0.7434248977206313
                    }
                },
                "bleu": 0.8078753093448667,
                "error_rate": 0.1440060361155201
            },
            "characters": {
                "error_rate": 0.13007625275830859
            }
        },
        "segmentation": {
            "accuracy": 0.48484848484848486,
            "precision": 0.9436900953371973,
            "recall": 0.9303579360111988,
            "f1": 0.936170818582307,
            "edit_distance": 1.0303030303030303
        },
        "alignment": 1.0
    },
    "all": {
        "glossing": {
            "words": {
                "accuracy": {
                    "macro": 0.8026418599211749,
                    "micro": 0.8076086956521739
                },
                "bleu": 0.6034860989701153,
                "error_rate": 0.1973581400788251
            },
            "morphemes": {
                "accuracy": {
                    "macro": 0.6785657296646169,
                    "micro": 0.6682779456193354
                },
                "classes": {
                    "stem": {
                        "prec": 0.621438263229308,
                        "rec": 0.6074270557029178,
                        "f1": 0.6143527833668678
                    },
                    "gram": {
                        "prec": 0.7482352941176471,
                        "rec": 0.7386759581881533,
                        "f1": 0.7434248977206313
                    }
                },
                "bleu": 0.8078753093448667,
                "error_rate": 0.1440060361155201
            },
            "characters": {
                "error_rate": 0.13007625275830859
            }
        },
        "segmentation": {
            "accuracy": 0.48484848484848486,
            "precision": 0.9436900953371973,
            "recall": 0.9303579360111988,
            "f1": 0.936170818582307,
            "edit_distance": 1.0303030303030303
        },
        "alignment": 1.0
    }
}