{
    "natu1246": {
        "glossing": {
            "words": {
                "accuracy": {
                    "macro": 0.7183242142350487,
                    "micro": 0.725
                },
                "bleu": 0.47698435509927745,
                "error_rate": 0.281675785764951
            },
            "morphemes": {
                "accuracy": {
                    "macro": 0.586014260586961,
                    "micro": 0.5667673716012085
                },
                "classes": {
                    "stem": {
                        "prec": 0.5373134328358209,
                        "rec": 0.5251989389920424,
                        "f1": 0.5311871227364184
                    },
                    "gram": {
                        "prec": 0.6605341246290801,
                        "rec": 0.6463414634146342,
                        "f1": 0.65336072791312
                    }
                },
                "bleu": 0.715409700457827,
                "error_rate": 0.21592266278841596
            },
            "characters": {
                "error_rate": 0.18843400496172732
            }
        },
        "segmentation": {
            "accuracy": 0.32323232323232326,
            "precision": 0.9155457073027601,
            "recall": 0.895098674497925,
            "f1": 0.9038381503448535,
            "edit_distance": 1.8181818181818181
        },
        "alignment": 1.0
    },
    "all": {
        "glossing": {
            "words": {
                "accuracy": {
                    "macro": 0.7183242142350487,
                    "micro": 0.725
                },
                "bleu": 0.47698435509927745,
                "error_rate": 0.281675785764951
            },
            "morphemes": {
                "accuracy": {
                    "macro": 0.586014260586961,
                    "micro": 0.5667673716012085
                },
                "classes": {
                    "stem": {
                        "prec": 0.5373134328358209,
                        "rec": 0.5251989389920424,
                        "f1": 0.5311871227364184
                    },
                    "gram": {
                        "prec": 0.6605341246290801,
                        "rec": 0.6463414634146342,
                        "f1": 0.65336072791312
                    }
                },
                "bleu": 0.715409700457827,
                "error_rate": 0.21592266278841596
            },
            "characters": {
                "error_rate": 0.18843400496172732
            }
        },
        "segmentation": {
            "accuracy": 0.32323232323232326,
            "precision": 0.9155457073027601,
            "recall": 0.895098674497925,
            "f1": 0.9038381503448535,
            "edit_distance": 1.8181818181818181
        },
        "alignment": 1.0
    }
}