{
    "vama1243": {
        "glossing": {
            "words": {
                "accuracy": {
                    "macro": 0.5469745532245535,
                    "micro": 0.5313807531380753
                },
                "bleu": 0.1906457572784529,
                "error_rate": 0.4530254467754468
            },
            "morphemes": {
                "accuracy": {
                    "macro": 0.6574731266826858,
                    "micro": 0.65
                },
                "classes": {
                    "stem": {
                        "prec": 0.5308641975308642,
                        "rec": 0.49710982658959535,
                        "f1": 0.5134328358208956
                    },
                    "gram": {
                        "prec": 0.87146529562982,
                        "rec": 0.8968253968253969,
                        "f1": 0.8839634941329857
                    }
                },
                "bleu": 0.5190383249940717,
                "error_rate": 0.34122478998398115
            },
            "characters": {
                "error_rate": 0.31716208019042186
            }
        },
        "segmentation": {
            "accuracy": 1.0,
            "precision": 1.0,
            "recall": 1.0,
            "f1": 1.0,
            "edit_distance": 0.0
        },
        "alignment": 1.0
    },
    "all": {
        "glossing": {
            "words": {
                "accuracy": {
                    "macro": 0.5469745532245535,
                    "micro": 0.5313807531380753
                },
                "bleu": 0.1906457572784529,
                "error_rate": 0.4530254467754468
            },
            "morphemes": {
                "accuracy": {
                    "macro": 0.6574731266826858,
                    "micro": 0.65
                },
                "classes": {
                    "stem": {
                        "prec": 0.5308641975308642,
                        "rec": 0.49710982658959535,
                        "f1": 0.5134328358208956
                    },
                    "gram": {
                        "prec": 0.87146529562982,
                        "rec": 0.8968253968253969,
                        "f1": 0.8839634941329857
                    }
                },
                "bleu": 0.5190383249940717,
                "error_rate": 0.34122478998398115
            },
            "characters": {
                "error_rate": 0.31716208019042186
            }
        },
        "segmentation": {
            "accuracy": 1.0,
            "precision": 1.0,
            "recall": 1.0,
            "f1": 1.0,
            "edit_distance": 0.0
        },
        "alignment": 1.0
    }
}