{
    "ainu1240": {
        "glossing": {
            "words": {
                "accuracy": {
                    "macro": 0.8584123268445307,
                    "micro": 0.8620192307692308
                },
                "bleu": 0.7233041531929737,
                "error_rate": 0.1339572527284394
            },
            "morphemes": {
                "accuracy": {
                    "macro": 0.8165993513945118,
                    "micro": 0.7999323524437679
                },
                "classes": {
                    "stem": {
                        "prec": 0.7868896681953061,
                        "rec": 0.7762107503991484,
                        "f1": 0.7815137307434695
                    },
                    "gram": {
                        "prec": 0.8671328671328671,
                        "rec": 0.8663755458515284,
                        "f1": 0.8667540410659675
                    }
                },
                "bleu": 0.8561913992130178,
                "error_rate": 0.10797513141526825
            },
            "characters": {
                "error_rate": 0.10571494425617906
            }
        },
        "segmentation": {
            "accuracy": 0.7779661016949152,
            "precision": 0.9623951585097504,
            "recall": 0.9649712785126682,
            "f1": 0.9631349804832329,
            "edit_distance": 0.38305084745762713
        },
        "alignment": 0.9938461580539181
    },
    "arap1274": {
        "glossing": {
            "words": {
                "accuracy": {
                    "macro": 0.7438117285539501,
                    "micro": 0.7707122306382479
                },
                "bleu": 0.5853767713298575,
                "error_rate": 0.25605567337882235
            },
            "morphemes": {
                "accuracy": {
                    "macro": 0.7898824439392567,
                    "micro": 0.7819328677630096
                },
                "classes": {
                    "stem": {
                        "prec": 0.767363813229572,
                        "rec": 0.7583273251622206,
                        "f1": 0.7628188081711591
                    },
                    "gram": {
                        "prec": 0.8798176910482765,
                        "rec": 0.8720614035087719,
                        "f1": 0.875922377144871
                    }
                },
                "bleu": 0.7657080332268131,
                "error_rate": 0.17082608749982603
            },
            "characters": {
                "error_rate": 0.15966986269000286
            }
        },
        "segmentation": {
            "accuracy": 0.6572571682596132,
            "precision": 0.9020348933082334,
            "recall": 0.9016999392995159,
            "f1": 0.9008153605749256,
            "edit_distance": 0.7432762836185819
        },
        "alignment": 0.9956106250301228
    },
    "dido1241": {
        "glossing": {
            "words": {
                "accuracy": {
                    "macro": 0.862157932922843,
                    "micro": 0.8570514188180073
                },
                "bleu": 0.6889474939830843,
                "error_rate": 0.1378420670771576
            },
            "morphemes": {
                "accuracy": {
                    "macro": 0.8475415924508922,
                    "micro": 0.8211655112651647
                },
                "classes": {
                    "stem": {
                        "prec": 0.814720222892965,
                        "rec": 0.8107670979667283,
                        "f1": 0.8127388535031849
                    },
                    "gram": {
                        "prec": 0.8619026742656729,
                        "rec": 0.8595474915291289,
                        "f1": 0.8607234717889782
                    }
                },
                "bleu": 0.8731405441365656,
                "error_rate": 0.08044249324788888
            },
            "characters": {
                "error_rate": 0.06555059069474058
            }
        },
        "segmentation": {
            "accuracy": 0.5678733031674208,
            "precision": 0.9637847877218187,
            "recall": 0.9636934207966315,
            "f1": 0.9636101687144356,
            "edit_distance": 0.8800904977375565
        },
        "alignment": 0.996746713839481
    },
    "gitx1241": {
        "glossing": {
            "words": {
                "accuracy": {
                    "macro": 0.353383950442774,
                    "micro": 0.3385416666666667
                },
                "bleu": 0.10102358990799118,
                "error_rate": 0.6410275733805146
            },
            "morphemes": {
                "accuracy": {
                    "macro": 0.21668081924855412,
                    "micro": 0.14616497829232997
                },
                "classes": {
                    "stem": {
                        "prec": 0.08771929824561403,
                        "rec": 0.0749063670411985,
                        "f1": 0.0808080808080808
                    },
                    "gram": {
                        "prec": 0.3282336578581363,
                        "rec": 0.30609597924773024,
                        "f1": 0.3167785234899329
                    }
                },
                "bleu": 0.31160770535922105,
                "error_rate": 0.5963691691259188
            },
            "characters": {
                "error_rate": 0.49473910953570027
            }
        },
        "segmentation": {
            "accuracy": 0.02702702702702703,
            "precision": 0.6256723897147294,
            "recall": 0.5645515902803542,
            "f1": 0.5888741040288338,
            "edit_distance": 8.945945945945946
        },
        "alignment": 0.9649644774531131
    },
    "lezg1247": {
        "glossing": {
            "words": {
                "accuracy": {
                    "macro": 0.5421871739647309,
                    "micro": 0.5145631067961165
                },
                "bleu": 0.19333835880466188,
                "error_rate": 0.4578128260352689
            },
            "morphemes": {
                "accuracy": {
                    "macro": 0.549435359397232,
                    "micro": 0.4901129943502825
                },
                "classes": {
                    "stem": {
                        "prec": 0.48756218905472637,
                        "rec": 0.47804878048780486,
                        "f1": 0.48275862068965514
                    },
                    "gram": {
                        "prec": 0.6263399693721287,
                        "rec": 0.6225266362252664,
                        "f1": 0.6244274809160306
                    }
                },
                "bleu": 0.4980598308722399,
                "error_rate": 0.35678867150240423
            },
            "characters": {
                "error_rate": 0.27981181743742717
            }
        },
        "segmentation": {
            "accuracy": 0.18867924528301888,
            "precision": 0.8219215303659488,
            "recall": 0.8303555182433501,
            "f1": 0.8252915626648354,
            "edit_distance": 4.981132075471698
        },
        "alignment": 0.9855036282706636
    },
    "natu1246": {
        "glossing": {
            "words": {
                "accuracy": {
                    "macro": 0.7611093148758808,
                    "micro": 0.758695652173913
                },
                "bleu": 0.5224665998564891,
                "error_rate": 0.23889068512411915
            },
            "morphemes": {
                "accuracy": {
                    "macro": 0.6320798706811749,
                    "micro": 0.6066465256797583
                },
                "classes": {
                    "stem": {
                        "prec": 0.5785123966942148,
                        "rec": 0.5570291777188329,