{
    "ainu1240": {
        "glossing": {
            "words": {
                "accuracy": {
                    "macro": 0.8699910870673586,
                    "micro": 0.8721153846153846
                },
                "bleu": 0.7388803978258325,
                "error_rate": 0.1233133250929863
            },
            "morphemes": {
                "accuracy": {
                    "macro": 0.8214408186108936,
                    "micro": 0.7999323524437679
                },
                "classes": {
                    "stem": {
                        "prec": 0.7898864250946458,
                        "rec": 0.7772751463544438,
                        "f1": 0.783530042918455
                    },
                    "gram": {
                        "prec": 0.8620569233455562,
                        "rec": 0.86235807860262,
                        "f1": 0.8622074746769123
                    }
                },
                "bleu": 0.8636868479963987,
                "error_rate": 0.10205984628119211
            },
            "characters": {
                "error_rate": 0.10074707951482963
            }
        },
        "segmentation": {
            "accuracy": 0.7542372881355932,
            "precision": 0.9563728637396335,
            "recall": 0.9590401814617072,
            "f1": 0.9572085340975516,
            "edit_distance": 0.42033898305084744
        },
        "alignment": 0.9928576782718036
    },
    "arap1274": {
        "glossing": {
            "words": {
                "accuracy": {
                    "macro": 0.7483933936376553,
                    "micro": 0.7759379954201162
                },
                "bleu": 0.6073880812876734,
                "error_rate": 0.25171423261846976
            },
            "morphemes": {
                "accuracy": {
                    "macro": 0.7926492549554661,
                    "micro": 0.7858591059762495
                },
                "classes": {
                    "stem": {
                        "prec": 0.7740302720591814,
                        "rec": 0.7644316270127374,
                        "f1": 0.7692010059972915
                    },
                    "gram": {
                        "prec": 0.8804405520169851,
                        "rec": 0.8730263157894737,
                        "f1": 0.8767177589852009
                    }
                },
                "bleu": 0.7789310981768617,
                "error_rate": 0.16669164872804793
            },
            "characters": {
                "error_rate": 0.1518260774087935
            }
        },
        "segmentation": {
            "accuracy": 0.6574794398755279,
            "precision": 0.9017603857240243,
            "recall": 0.9018166458550798,
            "f1": 0.900751361647231,
            "edit_distance": 0.7406090242276061
        },
        "alignment": 0.9940406013610504
    },
    "dido1241": {
        "glossing": {
            "words": {
                "accuracy": {
                    "macro": 0.86659118449899,
                    "micro": 0.8598250480051205
                },
                "bleu": 0.6936693960500355,
                "error_rate": 0.13284180114038974
            },
            "morphemes": {
                "accuracy": {
                    "macro": 0.8387480751029457,
                    "micro": 0.8108752166377816
                },
                "classes": {
                    "stem": {
                        "prec": 0.8073351903435468,
                        "rec": 0.8036044362292052,
                        "f1": 0.8054654932839278
                    },
                    "gram": {
                        "prec": 0.8506529134203884,
                        "rec": 0.8473057164717456,
                        "f1": 0.8489760157704523
                    }
                },
                "bleu": 0.8762509360770797,
                "error_rate": 0.07874873733290136
            },
            "characters": {
                "error_rate": 0.06447553902037233
            }
        },
        "segmentation": {
            "accuracy": 0.6221719457013575,
            "precision": 0.9692187773772323,
            "recall": 0.9685686816904849,
            "f1": 0.9687684378881721,
            "edit_distance": 0.748868778280543
        },
        "alignment": 0.9976997578365635
    },
    "gitx1241": {
        "glossing": {
            "words": {
                "accuracy": {
                    "macro": 0.3206446662329016,
                    "micro": 0.3229166666666667
                },
                "bleu": 0.08583321078376799,
                "error_rate": 0.672077668401198
            },
            "morphemes": {
                "accuracy": {
                    "macro": 0.21505700865845462,
                    "micro": 0.1678726483357453
                },
                "classes": {
                    "stem": {
                        "prec": 0.0970464135021097,
                        "rec": 0.08614232209737828,
                        "f1": 0.09126984126984128
                    },
                    "gram": {
                        "prec": 0.37681159420289856,
                        "rec": 0.33722438391699094,
                        "f1": 0.35592060232717315
                    }
                },
                "bleu": 0.3084417000883111,
                "error_rate": 0.5804337241833732
            },
            "characters": {
                "error_rate": 0.4851432864830444
            }
        },
        "segmentation": {
            "accuracy": 0.0,
            "precision": 0.6199531454293201,
            "recall": 0.5562335648683874,
            "f1": 0.581724822025423,
            "edit_distance": 7.5675675675675675
        },
        "alignment": 0.9674330597834192
    },
    "lezg1247": {
        "glossing": {
            "words": {
                "accuracy": {
                    "macro": 0.5503069368014751,
                    "micro": 0.5194174757281553
                },
                "bleu": 0.20963275831001008,
                "error_rate": 0.4394504755974467
            },
            "morphemes": {
                "accuracy": {
                    "macro": 0.5426161833510263,
                    "micro": 0.4943502824858757
                },
                "classes": {
                    "stem": {
                        "prec": 0.47890818858560796,
                        "rec": 0.47073170731707314,
                        "f1": 0.4747847478474785
                    },
                    "gram": {
                        "prec": 0.6303680981595092,
                        "rec": 0.6255707762557078,
                        "f1": 0.6279602750190985
                    }
                },
                "bleu": 0.5261161740619358,
                "error_rate": 0.35018935258454703
            },
            "characters": {
                "error_rate": 0.2721812483028774
            }
        },
        "segmentation": {
            "accuracy": 0.18867924528301888,
            "precision": 0.833107764616242,
            "recall": 0.8384543899785928,
            "f1": 0.8347613238490212,
            "edit_distance": 4.811320754716981
        },
        "alignment": 0.9860703411028916
    },
    "natu1246": {
        "glossing": {
            "words": {
                "accuracy": {
                    "macro": 0.7676777920025615,
                    "micro": 0.7728260869565218
                },
                "bleu": 0.5614657146516938,
                "error_rate": 0.23232220799743847
            },
            "morphemes": {
                "accuracy": {
                    "macro": 0.6773359478084675,
                    "micro": 0.6604229607250756
                },
                "classes": {
                    "stem": {
                        "prec": 0.6174863387978142,
                        "rec": 0.5994694960212201,