{
    "dido1241": {
        "glossing": {
            "word_level": {
                "average_accuracy": 0.02560300613064612,
                "accuracy": 0.02180817277154351
            },
            "morpheme_accuracy": {
                "average_accuracy": 0.03856488053912844,
                "accuracy": 0.03392027654747758
            },
            "classes": {
                "stem": {
                    "prec": 0.04906303236797274,
                    "rec": 0.03343394474111911,
                    "f1": 0.03976801988400994
                },
                "gram": {
                    "prec": 0.1657125013011346,
                    "rec": 0.17246235510778898,
                    "f1": 0.1690200658243975
                }
            },
            "bleu": 4.283308517532309
        }
    },
    "all": {
        "glossing": {
            "word_level": {
                "average_accuracy": 0.02560300613064612,
                "accuracy": 0.02180817277154351
            },
            "morpheme_accuracy": {
                "average_accuracy": 0.03856488053912844,
                "accuracy": 0.03392027654747758
            },
            "classes": {
                "stem": {
                    "prec": 0.04906303236797274,
                    "rec": 0.03343394474111911,
                    "f1": 0.03976801988400994
                },
                "gram": {
                    "prec": 0.1657125013011346,
                    "rec": 0.17246235510778898,
                    "f1": 0.1690200658243975
                }
            },
            "bleu": 4.283308517532309
        }
    }
}