{
    "uspa1245": {
        "glossing": {
            "words": {
                "accuracy": {
                    "macro": 0.7991816193229629,
                    "micro": 0.8181019332161688
                },
                "bleu": 0.6365330789948119,
                "error_rate": 0.20081838067703803
            },
            "morphemes": {
                "accuracy": {
                    "macro": 0.7991964430347829,
                    "micro": 0.7893484082118417
                },
                "classes": {
                    "stem": {
                        "prec": 0.7731481481481481,
                        "rec": 0.7576150356448477,
                        "f1": 0.7653027823240589
                    },
                    "gram": {
                        "prec": 0.8606510565391206,
                        "rec": 0.8543083900226758,
                        "f1": 0.8574679943100997
                    }
                },
                "bleu": 0.8133205093948078,
                "error_rate": 0.15477230611947937
            },
            "characters": {
                "error_rate": 0.1138254477471834
            }
        }
    },
    "all": {
        "glossing": {
            "words": {
                "accuracy": {
                    "macro": 0.7991816193229629,
                    "micro": 0.8181019332161688
                },
                "bleu": 0.6365330789948119,
                "error_rate": 0.20081838067703803
            },
            "morphemes": {
                "accuracy": {
                    "macro": 0.7991964430347829,
                    "micro": 0.7893484082118417
                },
                "classes": {
                    "stem": {
                        "prec": 0.7731481481481481,
                        "rec": 0.7576150356448477,
                        "f1": 0.7653027823240589
                    },
                    "gram": {
                        "prec": 0.8606510565391206,
                        "rec": 0.8543083900226758,
                        "f1": 0.8574679943100997
                    }
                },
                "bleu": 0.8133205093948078,
                "error_rate": 0.15477230611947937
            },
            "characters": {
                "error_rate": 0.1138254477471834
            }
        }
    }
}