{
    "dido1241": {
        "glossing": {
            "word_level": {
                "average_accuracy": 0.8062821967573969,
                "accuracy": 0.7941986025831039
            },
            "morpheme_accuracy": {
                "average_accuracy": 0.7880896507878158,
                "accuracy": 0.7544560872852976
            },
            "classes": {
                "stem": {
                    "prec": 0.7506444808999297,
                    "rec": 0.7436730903180868,
                    "f1": 0.7471425239094939
                },
                "gram": {
                    "prec": 0.8094978165938864,
                    "rec": 0.8032715848770448,
                    "f1": 0.8063726822902505
                }
            },
            "bleu": 84.21675369266296
        }
    },
    "all": {
        "glossing": {
            "word_level": {
                "average_accuracy": 0.8062821967573969,
                "accuracy": 0.7941986025831039
            },
            "morpheme_accuracy": {
                "average_accuracy": 0.7880896507878158,
                "accuracy": 0.7544560872852976
            },
            "classes": {
                "stem": {
                    "prec": 0.7506444808999297,
                    "rec": 0.7436730903180868,
                    "f1": 0.7471425239094939
                },
                "gram": {
                    "prec": 0.8094978165938864,
                    "rec": 0.8032715848770448,
                    "f1": 0.8063726822902505
                }
            },
            "bleu": 84.21675369266296
        }
    }
}