{
    "ainu1240": {
        "segmentation": {
            "accuracy": 0.8355932203389831,
            "precision": 0.9736533817977513,
            "recall": 0.9738139453087115,
            "f1": 0.9733156291470014,
            "edit_distance": 0.3050847457627119
        }
    },
    "all": {
        "segmentation": {
            "accuracy": 0.8355932203389831,
            "precision": 0.9736533817977513,
            "recall": 0.9738139453087115,
            "f1": 0.9733156291470014,
            "edit_distance": 0.3050847457627119
        }
    }
}