{
    "ainu1240": {
        "glossing": {
            "words": {
                "accuracy": {
                    "macro": 0.9092832826307407,
                    "micro": 0.9115384615384615
                },
                "bleu": 0.7977745556685689,
                "error_rate": 0.08986925974214115
            },
            "morphemes": {
                "accuracy": {
                    "macro": 0.8837256716603082,
                    "micro": 0.8704549298156604
                },
                "classes": {
                    "stem": {
                        "prec": 0.8617449664429531,
                        "rec": 0.8539505187549881,
                        "f1": 0.8578300374131481
                    },
                    "gram": {
                        "prec": 0.9192785851864822,
                        "rec": 0.9171907756813418,
                        "f1": 0.9182334936598164
                    }
                },
                "bleu": 0.9003266698296732,
                "error_rate": 0.0754012970393019
            },
            "characters": {
                "error_rate": 0.07253124538836976
            }
        },
        "segmentation": {
            "accuracy": 0.8355932203389831,
            "precision": 0.9731021153644747,
            "recall": 0.9717698787743003,
            "f1": 0.9719962148394166,
            "edit_distance": 0.30847457627118646
        },
        "alignment": 1.0
    },
    "all": {
        "glossing": {
            "words": {
                "accuracy": {
                    "macro": 0.9092832826307407,
                    "micro": 0.9115384615384615
                },
                "bleu": 0.7977745556685689,
                "error_rate": 0.08986925974214115
            },
            "morphemes": {
                "accuracy": {
                    "macro": 0.8837256716603082,
                    "micro": 0.8704549298156604
                },
                "classes": {
                    "stem": {
                        "prec": 0.8617449664429531,
                        "rec": 0.8539505187549881,
                        "f1": 0.8578300374131481
                    },
                    "gram": {
                        "prec": 0.9192785851864822,
                        "rec": 0.9171907756813418,
                        "f1": 0.9182334936598164
                    }
                },
                "bleu": 0.9003266698296732,
                "error_rate": 0.0754012970393019
            },
            "characters": {
                "error_rate": 0.07253124538836976
            }
        },
        "segmentation": {
            "accuracy": 0.8355932203389831,
            "precision": 0.9731021153644747,
            "recall": 0.9717698787743003,
            "f1": 0.9719962148394166,
            "edit_distance": 0.30847457627118646
        },
        "alignment": 1.0
    }
}