{
    "ainu1240": {
        "glossing": {
            "words": {
                "accuracy": {
                    "macro": 0.9083847273254058,
                    "micro": 0.9120192307692307
                },
                "bleu": 0.79652148134884,
                "error_rate": 0.09097967945425581
            },
            "morphemes": {
                "accuracy": {
                    "macro": 0.8790801151501222,
                    "micro": 0.8648740064265178
                },
                "classes": {
                    "stem": {
                        "prec": 0.8527755430410298,
                        "rec": 0.8459696727853152,
                        "f1": 0.8493589743589743
                    },
                    "gram": {
                        "prec": 0.9156752974107768,
                        "rec": 0.9143955276030747,
                        "f1": 0.9150349650349651
                    }
                },
                "bleu": 0.8982399912452694,
                "error_rate": 0.07838680425313672
            },
            "characters": {
                "error_rate": 0.07504522347834731
            }
        },
        "segmentation": {
            "accuracy": 0.8372881355932204,
            "precision": 0.9736679257275239,
            "recall": 0.9745021653929542,
            "f1": 0.9737102508663266,
            "edit_distance": 0.2745762711864407
        },
        "alignment": 1.0
    },
    "all": {
        "glossing": {
            "words": {
                "accuracy": {
                    "macro": 0.9083847273254058,
                    "micro": 0.9120192307692307
                },
                "bleu": 0.79652148134884,
                "error_rate": 0.09097967945425581
            },
            "morphemes": {
                "accuracy": {
                    "macro": 0.8790801151501222,
                    "micro": 0.8648740064265178
                },
                "classes": {
                    "stem": {
                        "prec": 0.8527755430410298,
                        "rec": 0.8459696727853152,
                        "f1": 0.8493589743589743
                    },
                    "gram": {
                        "prec": 0.9156752974107768,
                        "rec": 0.9143955276030747,
                        "f1": 0.9150349650349651
                    }
                },
                "bleu": 0.8982399912452694,
                "error_rate": 0.07838680425313672
            },
            "characters": {
                "error_rate": 0.07504522347834731
            }
        },
        "segmentation": {
            "accuracy": 0.8372881355932204,
            "precision": 0.9736679257275239,
            "recall": 0.9745021653929542,
            "f1": 0.9737102508663266,
            "edit_distance": 0.2745762711864407
        },
        "alignment": 1.0
    }
}