{
    "dido1241": {
        "glossing": {
            "word_level": {
                "average_accuracy": 0.08307083603682586,
                "accuracy": 0.06987084480203261
            },
            "morpheme_accuracy": {
                "average_accuracy": 0.08039171879276664,
                "accuracy": 0.068272658528681
            },
            "classes": {
                "stem": {
                    "prec": 0.10048231511254019,
                    "rec": 0.08706756442999768,
                    "f1": 0.09329518596840403
                },
                "gram": {
                    "prec": 0.20617706000235766,
                    "rec": 0.18947026324341892,
                    "f1": 0.1974709269504347
                }
            },
            "bleu": 18.49569311290768
        }
    },
    "all": {
        "glossing": {
            "word_level": {
                "average_accuracy": 0.08307083603682586,
                "accuracy": 0.06987084480203261
            },
            "morpheme_accuracy": {
                "average_accuracy": 0.08039171879276664,
                "accuracy": 0.068272658528681
            },
            "classes": {
                "stem": {
                    "prec": 0.10048231511254019,
                    "rec": 0.08706756442999768,
                    "f1": 0.09329518596840403
                },
                "gram": {
                    "prec": 0.20617706000235766,
                    "rec": 0.18947026324341892,
                    "f1": 0.1974709269504347
                }
            },
            "bleu": 18.49569311290768
        }
    }
}