{
    "segmentation": {
        "accuracy": 0.0035335689045936395,
        "precision": 0.21670223980187847,
        "recall": 0.16783775215754027,
        "f1": 0.18534970826892225,
        "edit_distance": 10.256183745583039
    }
}