{
    "gitx1241": {
        "glossing": {
            "words": {
                "accuracy": {
                    "macro": 0.08022270522270523,
                    "micro": 0.0625
                },
                "bleu": 0.024508757184532836,
                "error_rate": 0.8734585278702927
            },
            "morphemes": {
                "accuracy": {
                    "macro": 0.05731982462667355,
                    "micro": 0.03762662807525326
                },
                "classes": {
                    "stem": {
                        "prec": 0.038461538461538464,
                        "rec": 0.0299625468164794,
                        "f1": 0.03368421052631579
                    },
                    "gram": {
                        "prec": 0.25773195876288657,
                        "rec": 0.1621271076523995,
                        "f1": 0.19904458598726116
                    }
                },
                "bleu": 0.10237581285957048,
                "error_rate": 0.8474634721345808
            },
            "characters": {
                "error_rate": 0.7251850265759369
            }
        }
    },
    "all": {
        "glossing": {
            "words": {
                "accuracy": {
                    "macro": 0.08022270522270523,
                    "micro": 0.0625
                },
                "bleu": 0.024508757184532836,
                "error_rate": 0.8734585278702927
            },
            "morphemes": {
                "accuracy": {
                    "macro": 0.05731982462667355,
                    "micro": 0.03762662807525326
                },
                "classes": {
                    "stem": {
                        "prec": 0.038461538461538464,
                        "rec": 0.0299625468164794,
                        "f1": 0.03368421052631579
                    },
                    "gram": {
                        "prec": 0.25773195876288657,
                        "rec": 0.1621271076523995,
                        "f1": 0.19904458598726116
                    }
                },
                "bleu": 0.10237581285957048,
                "error_rate": 0.8474634721345808
            },
            "characters": {
                "error_rate": 0.7251850265759369
            }
        }
    }
}