{
    "lezg1247": {
        "glossing": {
            "words": {
                "accuracy": {
                    "macro": 0.3479248159983015,
                    "micro": 0.3446601941747573
                },
                "bleu": 0.13357491082210915,
                "error_rate": 0.6154359322681071
            },
            "morphemes": {
                "accuracy": {
                    "macro": 0.2930642982703844,
                    "micro": 0.2612994350282486
                },
                "classes": {
                    "stem": {
                        "prec": 0.27602905569007263,
                        "rec": 0.2780487804878049,
                        "f1": 0.2770352369380316
                    },
                    "gram": {
                        "prec": 0.45304777594728174,
                        "rec": 0.4185692541856925,
                        "f1": 0.435126582278481
                    }
                },
                "bleu": 0.4019904191755126,
                "error_rate": 0.5468331190844831
            },
            "characters": {
                "error_rate": 0.4427433282761542
            }
        }
    },
    "all": {
        "glossing": {
            "words": {
                "accuracy": {
                    "macro": 0.3479248159983015,
                    "micro": 0.3446601941747573
                },
                "bleu": 0.13357491082210915,
                "error_rate": 0.6154359322681071
            },
            "morphemes": {
                "accuracy": {
                    "macro": 0.2930642982703844,
                    "micro": 0.2612994350282486
                },
                "classes": {
                    "stem": {
                        "prec": 0.27602905569007263,
                        "rec": 0.2780487804878049,
                        "f1": 0.2770352369380316
                    },
                    "gram": {
                        "prec": 0.45304777594728174,
                        "rec": 0.4185692541856925,
                        "f1": 0.435126582278481
                    }
                },
                "bleu": 0.4019904191755126,
                "error_rate": 0.5468331190844831
            },
            "characters": {
                "error_rate": 0.4427433282761542
            }
        }
    }
}