{
    "ruul1235": {
        "glossing": {
            "words": {
                "accuracy": {
                    "macro": 0.4536762953429621,
                    "micro": 0.4666117065127782
                },
                "bleu": 0.2062882147879118,
                "error_rate": 0.5167727251060584
            },
            "morphemes": {
                "accuracy": {
                    "macro": 0.5262946487662691,
                    "micro": 0.5213252094440213
                },
                "classes": {
                    "stem": {
                        "prec": 0.5121107266435986,
                        "rec": 0.456437933693138,
                        "f1": 0.48267427639624944
                    },
                    "gram": {
                        "prec": 0.6322727272727273,
                        "rec": 0.6296966953372567,
                        "f1": 0.6309820821047857
                    }
                },
                "bleu": 0.5772654910831334,
                "error_rate": 0.3457952401321854
            },
            "characters": {
                "error_rate": 0.2609888587060125
            }
        },
        "segmentation": {
            "accuracy": 0.4174174174174174,
            "precision": 0.7684761408496096,
            "recall": 0.7685252988658561,
            "f1": 0.7655145337701308,
            "edit_distance": 2.72972972972973
        },
        "alignment": 0.9973973973973974
    },
    "all": {
        "glossing": {
            "words": {
                "accuracy": {
                    "macro": 0.4536762953429621,
                    "micro": 0.4666117065127782
                },
                "bleu": 0.2062882147879118,
                "error_rate": 0.5167727251060584
            },
            "morphemes": {
                "accuracy": {
                    "macro": 0.5262946487662691,
                    "micro": 0.5213252094440213
                },
                "classes": {
                    "stem": {
                        "prec": 0.5121107266435986,
                        "rec": 0.456437933693138,
                        "f1": 0.48267427639624944
                    },
                    "gram": {
                        "prec": 0.6322727272727273,
                        "rec": 0.6296966953372567,
                        "f1": 0.6309820821047857
                    }
                },
                "bleu": 0.5772654910831334,
                "error_rate": 0.3457952401321854
            },
            "characters": {
                "error_rate": 0.2609888587060125
            }
        },
        "segmentation": {
            "accuracy": 0.4174174174174174,
            "precision": 0.7684761408496096,
            "recall": 0.7685252988658561,
            "f1": 0.7655145337701308,
            "edit_distance": 2.72972972972973
        },
        "alignment": 0.9973973973973974
    }
}