{
    "ruul1235": {
        "glossing": {
            "words": {
                "accuracy": {
                    "macro": 0.44134134134134134,
                    "micro": 0.46331409727947237
                },
                "bleu": 0.1967469556822983,
                "error_rate": 0.5267303017303017
            },
            "morphemes": {
                "accuracy": {
                    "macro": 0.5184938154623399,
                    "micro": 0.5178979436405179
                },
                "classes": {
                    "stem": {
                        "prec": 0.5055698371893744,
                        "rec": 0.4548959136468774,
                        "f1": 0.47889610389610393
                    },
                    "gram": {
                        "prec": 0.6246028143440763,
                        "rec": 0.6229062924400182,
                        "f1": 0.6237533998186764
                    }
                },
                "bleu": 0.571985287448595,
                "error_rate": 0.34854838535179117
            },
            "characters": {
                "error_rate": 0.2664945487177368
            }
        },
        "segmentation": {
            "accuracy": 0.42042042042042044,
            "precision": 0.7697674896488104,
            "recall": 0.7698316327057296,
            "f1": 0.7672613416303071,
            "edit_distance": 2.894894894894895
        },
        "alignment": 1.0
    },
    "all": {
        "glossing": {
            "words": {
                "accuracy": {
                    "macro": 0.44134134134134134,
                    "micro": 0.46331409727947237
                },
                "bleu": 0.1967469556822983,
                "error_rate": 0.5267303017303017
            },
            "morphemes": {
                "accuracy": {
                    "macro": 0.5184938154623399,
                    "micro": 0.5178979436405179
                },
                "classes": {
                    "stem": {
                        "prec": 0.5055698371893744,
                        "rec": 0.4548959136468774,
                        "f1": 0.47889610389610393
                    },
                    "gram": {
                        "prec": 0.6246028143440763,
                        "rec": 0.6229062924400182,
                        "f1": 0.6237533998186764
                    }
                },
                "bleu": 0.571985287448595,
                "error_rate": 0.34854838535179117
            },
            "characters": {
                "error_rate": 0.2664945487177368
            }
        },
        "segmentation": {
            "accuracy": 0.42042042042042044,
            "precision": 0.7697674896488104,
            "recall": 0.7698316327057296,
            "f1": 0.7672613416303071,
            "edit_distance": 2.894894894894895
        },
        "alignment": 1.0
    }
}