{
    "arap1274": {
        "glossing": {
            "words": {
                "accuracy": {
                    "macro": 0.7953474038280862,
                    "micro": 0.8156890376372498
                },
                "bleu": 0.6641904443169849,
                "error_rate": 0.20450233893118985
            },
            "morphemes": {
                "accuracy": {
                    "macro": 0.8309852305563056,
                    "micro": 0.820744697969298
                },
                "classes": {
                    "stem": {
                        "prec": 0.8122122607220742,
                        "rec": 0.8055755827925979,
                        "f1": 0.8088803088803089
                    },
                    "gram": {
                        "prec": 0.9027401518852423,
                        "rec": 0.8915350877192982,
                        "f1": 0.8971026325661452
                    }
                },
                "bleu": 0.817965097659439,
                "error_rate": 0.1342742317435224
            },
            "characters": {
                "error_rate": 0.1271903320715013
            }
        }
    },
    "all": {
        "glossing": {
            "words": {
                "accuracy": {
                    "macro": 0.7953474038280862,
                    "micro": 0.8156890376372498
                },
                "bleu": 0.6641904443169849,
                "error_rate": 0.20450233893118985
            },
            "morphemes": {
                "accuracy": {
                    "macro": 0.8309852305563056,
                    "micro": 0.820744697969298
                },
                "classes": {
                    "stem": {
                        "prec": 0.8122122607220742,
                        "rec": 0.8055755827925979,
                        "f1": 0.8088803088803089
                    },
                    "gram": {
                        "prec": 0.9027401518852423,
                        "rec": 0.8915350877192982,
                        "f1": 0.8971026325661452
                    }
                },
                "bleu": 0.817965097659439,
                "error_rate": 0.1342742317435224
            },
            "characters": {
                "error_rate": 0.1271903320715013
            }
        }
    }
}