{
    "ruul1235": {
        "segmentation": {
            "accuracy": 0.3813813813813814,
            "precision": 0.7638954515902847,
            "recall": 0.7660760056141894,
            "f1": 0.7619382127205729,
            "edit_distance": 2.7777777777777777
        }
    },
    "all": {
        "segmentation": {
            "accuracy": 0.3813813813813814,
            "precision": 0.7638954515902847,
            "recall": 0.7660760056141894,
            "f1": 0.7619382127205729,
            "edit_distance": 2.7777777777777777
        }
    }
}