{
    "vama1243": {
        "glossing": {
            "words": {
                "accuracy": {
                    "macro": 0.517026838901839,
                    "micro": 0.49372384937238495
                },
                "bleu": 0.16937309317180654,
                "error_rate": 0.48297316109816113
            },
            "morphemes": {
                "accuracy": {
                    "macro": 0.6283734596694156,
                    "micro": 0.6111111111111112
                },
                "classes": {
                    "stem": {
                        "prec": 0.5240963855421686,
                        "rec": 0.5028901734104047,
                        "f1": 0.5132743362831858
                    },
                    "gram": {
                        "prec": 0.8415584415584415,
                        "rec": 0.8571428571428571,
                        "f1": 0.8492791612057667
                    }
                },
                "bleu": 0.4752332689712753,
                "error_rate": 0.37162654033058445
            },
            "characters": {
                "error_rate": 0.3415806868677098
            }
        },
        "segmentation": {
            "accuracy": 1.0,
            "precision": 1.0,
            "recall": 1.0,
            "f1": 1.0,
            "edit_distance": 0.0
        },
        "alignment": 1.0
    },
    "all": {
        "glossing": {
            "words": {
                "accuracy": {
                    "macro": 0.517026838901839,
                    "micro": 0.49372384937238495
                },
                "bleu": 0.16937309317180654,
                "error_rate": 0.48297316109816113
            },
            "morphemes": {
                "accuracy": {
                    "macro": 0.6283734596694156,
                    "micro": 0.6111111111111112
                },
                "classes": {
                    "stem": {
                        "prec": 0.5240963855421686,
                        "rec": 0.5028901734104047,
                        "f1": 0.5132743362831858
                    },
                    "gram": {
                        "prec": 0.8415584415584415,
                        "rec": 0.8571428571428571,
                        "f1": 0.8492791612057667
                    }
                },
                "bleu": 0.4752332689712753,
                "error_rate": 0.37162654033058445
            },
            "characters": {
                "error_rate": 0.3415806868677098
            }
        },
        "segmentation": {
            "accuracy": 1.0,
            "precision": 1.0,
            "recall": 1.0,
            "f1": 1.0,
            "edit_distance": 0.0
        },
        "alignment": 1.0
    }
}