{
    "ruul1235": {
        "glossing": {
            "words": {
                "accuracy": {
                    "macro": 0.42249034749034775,
                    "micro": 0.43693322341302554
                },
                "bleu": 0.1846823288995977,
                "error_rate": 0.5432587349254014
            },
            "morphemes": {
                "accuracy": {
                    "macro": 0.4784212337488913,
                    "micro": 0.4722010662604722
                },
                "classes": {
                    "stem": {
                        "prec": 0.45454545454545453,
                        "rec": 0.40863531225905936,
                        "f1": 0.4303694681282988
                    },
                    "gram": {
                        "prec": 0.5896726602120793,
                        "rec": 0.5789950203712086,
                        "f1": 0.5842850616719962
                    }
                },
                "bleu": 0.5543392939947736,
                "error_rate": 0.36766748344405753
            },
            "characters": {
                "error_rate": 0.27500143868782023
            }
        }
    },
    "all": {
        "glossing": {
            "words": {
                "accuracy": {
                    "macro": 0.42249034749034775,
                    "micro": 0.43693322341302554
                },
                "bleu": 0.1846823288995977,
                "error_rate": 0.5432587349254014
            },
            "morphemes": {
                "accuracy": {
                    "macro": 0.4784212337488913,
                    "micro": 0.4722010662604722
                },
                "classes": {
                    "stem": {
                        "prec": 0.45454545454545453,
                        "rec": 0.40863531225905936,
                        "f1": 0.4303694681282988
                    },
                    "gram": {
                        "prec": 0.5896726602120793,
                        "rec": 0.5789950203712086,
                        "f1": 0.5842850616719962
                    }
                },
                "bleu": 0.5543392939947736,
                "error_rate": 0.36766748344405753
            },
            "characters": {
                "error_rate": 0.27500143868782023
            }
        }
    }
}