{
    "ainu1240": {
        "glossing": {
            "words": {
                "accuracy": {
                    "macro": 0.8739514299260065,
                    "micro": 0.8754807692307692
                },
                "bleu": 0.7678207055503294,
                "error_rate": 0.11471428289224914
            },
            "morphemes": {
                "accuracy": {
                    "macro": 0.8365912457671584,
                    "micro": 0.8181971926264163
                },
                "classes": {
                    "stem": {
                        "prec": 0.816508795669824,
                        "rec": 0.8028206492815327,
                        "f1": 0.8096068697168926
                    },
                    "gram": {
                        "prec": 0.8689498514764984,
                        "rec": 0.868646288209607,
                        "f1": 0.8687980433263452
                    }
                },
                "bleu": 0.8839419227370574,
                "error_rate": 0.08792069663418561
            },
            "characters": {
                "error_rate": 0.08384006482332647
            }
        },
        "segmentation": {
            "accuracy": 0.8355932203389831,
            "precision": 0.9736533817977513,
            "recall": 0.9738139453087115,
            "f1": 0.9733156291470014,
            "edit_distance": 0.3050847457627119
        },
        "alignment": 0.9790720736297192
    },
    "arap1274": {
        "glossing": {
            "words": {
                "accuracy": {
                    "macro": 0.7953474038280862,
                    "micro": 0.8156890376372498
                },
                "bleu": 0.6641904443169849,
                "error_rate": 0.20450233893118985
            },
            "morphemes": {
                "accuracy": {
                    "macro": 0.8309852305563056,
                    "micro": 0.820744697969298
                },
                "classes": {
                    "stem": {
                        "prec": 0.8122122607220742,
                        "rec": 0.8055755827925979,
                        "f1": 0.8088803088803089
                    },
                    "gram": {
                        "prec": 0.9027401518852423,
                        "rec": 0.8915350877192982,
                        "f1": 0.8971026325661452
                    }
                },
                "bleu": 0.817965097659439,
                "error_rate": 0.1342742317435224
            },
            "characters": {
                "error_rate": 0.1271903320715013
            }
        },
        "segmentation": {
            "accuracy": 0.7270504556568126,
            "precision": 0.9262642983063893,
            "recall": 0.9257068643596943,
            "f1": 0.9250951644068942,
            "edit_distance": 0.6059124249833296
        },
        "alignment": 0.9796494032948119
    },
    "dido1241": {
        "glossing": {
            "words": {
                "accuracy": {
                    "macro": 0.8584504127012145,
                    "micro": 0.8547045018135268
                },
                "bleu": 0.7044871198298577,
                "error_rate": 0.1354991332279701
            },
            "morphemes": {
                "accuracy": {
                    "macro": 0.8396673306908301,
                    "micro": 0.8140164644714039
                },
                "classes": {
                    "stem": {
                        "prec": 0.8125435540069686,
                        "rec": 0.8082255083179297,
                        "f1": 0.8103787791034404
                    },
                    "gram": {
                        "prec": 0.8545354590434304,
                        "rec": 0.8494917477319925,
                        "f1": 0.8520061390046042
                    }
                },
                "bleu": 0.8781028949230375,
                "error_rate": 0.08167328512703972
            },
            "characters": {
                "error_rate": 0.06734910179399707
            }
        },
        "segmentation": {
            "accuracy": 0.6470588235294118,
            "precision": 0.9742343705681386,
            "recall": 0.9705738499546618,
            "f1": 0.9722605531438163,
            "edit_distance": 0.7104072398190046
        },
        "alignment": 0.9882243015231547
    },
    "gitx1241": {
        "glossing": {
            "words": {
                "accuracy": {
                    "macro": 0.08022270522270523,
                    "micro": 0.0625
                },
                "bleu": 0.024508757184532836,
                "error_rate": 0.8734585278702927
            },
            "morphemes": {
                "accuracy": {
                    "macro": 0.05731982462667355,
                    "micro": 0.03762662807525326
                },
                "classes": {
                    "stem": {
                        "prec": 0.038461538461538464,
                        "rec": 0.0299625468164794,
                        "f1": 0.03368421052631579
                    },
                    "gram": {
                        "prec": 0.25773195876288657,
                        "rec": 0.1621271076523995,
                        "f1": 0.19904458598726116
                    }
                },
                "bleu": 0.10237581285957048,
                "error_rate": 0.8474634721345808
            },
            "characters": {
                "error_rate": 0.7251850265759369
            }
        },
        "segmentation": {
            "accuracy": 0.0,
            "precision": 0.19639883619557874,
            "recall": 0.17844848314848727,
            "f1": 0.18444188595350766,
            "edit_distance": 22.675675675675677
        },
        "alignment": 0.6503102212528816
    },
    "lezg1247": {
        "glossing": {
            "words": {
                "accuracy": {
                    "macro": 0.3479248159983015,
                    "micro": 0.3446601941747573
                },
                "bleu": 0.13357491082210915,
                "error_rate": 0.6154359322681071
            },
            "morphemes": {
                "accuracy": {
                    "macro": 0.2930642982703844,
                    "micro": 0.2612994350282486
                },
                "classes": {
                    "stem": {
                        "prec": 0.27602905569007263,
                        "rec": 0.2780487804878049,
                        "f1": 0.2770352369380316
                    },
                    "gram": {
                        "prec": 0.45304777594728174,
                        "rec": 0.4185692541856925,
                        "f1": 0.435126582278481
                    }
                },
                "bleu": 0.4019904191755126,
                "error_rate": 0.5468331190844831
            },
            "characters": {
                "error_rate": 0.4427433282761542
            }
        },
        "segmentation": {
            "accuracy": 0.1509433962264151,
            "precision": 0.7283904534459695,
            "recall": 0.7076996077654163,
            "f1": 0.7160142437514277,
            "edit_distance": 5.981132075471698
        },
        "alignment": 0.8846377309398895
    },
    "natu1246": {
        "glossing": {
            "words": {
                "accuracy": {
                    "macro": 0.5313393850158555,
                    "micro": 0.5293478260869565
                },
                "bleu": 0.3058059602054403,
                "error_rate": 0.4193608900421269
            },
            "morphemes": {
                "accuracy": {
                    "macro": 0.3603051710470295,
                    "micro": 0.3577039274924471
                },
                "classes": {
                    "stem": {
                        "prec": 0.36185133239831696,
                        "rec": 0.3421750663129973,