{
    "vama1243": {
        "glossing": {
            "words": {
                "accuracy": {
                    "macro": 0.41879399535649525,
                    "micro": 0.4100418410041841
                },
                "bleu": 0.12761867406538308,
                "error_rate": 0.5812060046435047
            },
            "morphemes": {
                "accuracy": {
                    "macro": 0.5580196032861474,
                    "micro": 0.55
                },
                "classes": {
                    "stem": {
                        "prec": 0.4817073170731707,
                        "rec": 0.45664739884393063,
                        "f1": 0.4688427299703264
                    },
                    "gram": {
                        "prec": 0.8010335917312662,
                        "rec": 0.8201058201058201,
                        "f1": 0.8104575163398693
                    }
                },
                "bleu": 0.41816334214354667,
                "error_rate": 0.4378137300471859
            },
            "characters": {
                "error_rate": 0.40724428270205076
            }
        },
        "segmentation": {
            "accuracy": 1.0,
            "precision": 1.0,
            "recall": 1.0,
            "f1": 1.0,
            "edit_distance": 0.0
        },
        "alignment": 1.0
    },
    "all": {
        "glossing": {
            "words": {
                "accuracy": {
                    "macro": 0.41879399535649525,
                    "micro": 0.4100418410041841
                },
                "bleu": 0.12761867406538308,
                "error_rate": 0.5812060046435047
            },
            "morphemes": {
                "accuracy": {
                    "macro": 0.5580196032861474,
                    "micro": 0.55
                },
                "classes": {
                    "stem": {
                        "prec": 0.4817073170731707,
                        "rec": 0.45664739884393063,
                        "f1": 0.4688427299703264
                    },
                    "gram": {
                        "prec": 0.8010335917312662,
                        "rec": 0.8201058201058201,
                        "f1": 0.8104575163398693
                    }
                },
                "bleu": 0.41816334214354667,
                "error_rate": 0.4378137300471859
            },
            "characters": {
                "error_rate": 0.40724428270205076
            }
        },
        "segmentation": {
            "accuracy": 1.0,
            "precision": 1.0,
            "recall": 1.0,
            "f1": 1.0,
            "edit_distance": 0.0
        },
        "alignment": 1.0
    }
}