{
    "gitx1241": {
        "segmentation": {
            "accuracy": 0.0,
            "precision": 0.19639883619557874,
            "recall": 0.17844848314848727,
            "f1": 0.18444188595350766,
            "edit_distance": 22.675675675675677
        }
    },
    "all": {
        "segmentation": {
            "accuracy": 0.0,
            "precision": 0.19639883619557874,
            "recall": 0.17844848314848727,
            "f1": 0.18444188595350766,
            "edit_distance": 22.675675675675677
        }
    }
}