{
    "dido1241": {
        "segmentation": {
            "accuracy": 0.6470588235294118,
            "precision": 0.9742343705681386,
            "recall": 0.9705738499546618,
            "f1": 0.9722605531438163,
            "edit_distance": 0.7104072398190046
        }
    },
    "all": {
        "segmentation": {
            "accuracy": 0.6470588235294118,
            "precision": 0.9742343705681386,
            "recall": 0.9705738499546618,
            "f1": 0.9722605531438163,
            "edit_distance": 0.7104072398190046
        }
    }
}