size,PolyGloss,ByT5
50,0.565117248,1.000
100,0.507098897,0.997
150,0.518554369,0.997
200,0.470705896,0.990
250,0.43781373,1
300,0.37162654,1
350,0.357452057,0.997
380,0.34122479,0.987
