size,mer
50,0.565117248
100,0.507098897
150,0.518554369
200,0.470705896
250,0.43781373
300,0.37162654
350,0.357452057
380,0.34122479