{
    "vama1243": {
        "glossing": {
            "words": {
                "accuracy": {
                    "macro": 0.526212444962445,
                    "micro": 0.502092050209205
                },
                "bleu": 0.16087387343172393,
                "error_rate": 0.47378755503755504
            },
            "morphemes": {
                "accuracy": {
                    "macro": 0.6412458592605653,
                    "micro": 0.6277777777777778
                },
                "classes": {
                    "stem": {
                        "prec": 0.5279503105590062,
                        "rec": 0.4913294797687861,
                        "f1": 0.5089820359281436
                    },
                    "gram": {
                        "prec": 0.8512820512820513,
                        "rec": 0.8783068783068783,
                        "f1": 0.8645833333333333
                    }
                },
                "bleu": 0.4862517267355212,
                "error_rate": 0.35745205740610153
            },
            "characters": {
                "error_rate": 0.32995012195809575
            }
        },
        "segmentation": {
            "accuracy": 1.0,
            "precision": 1.0,
            "recall": 1.0,
            "f1": 1.0,
            "edit_distance": 0.0
        },
        "alignment": 1.0
    },
    "all": {
        "glossing": {
            "words": {
                "accuracy": {
                    "macro": 0.526212444962445,
                    "micro": 0.502092050209205
                },
                "bleu": 0.16087387343172393,
                "error_rate": 0.47378755503755504
            },
            "morphemes": {
                "accuracy": {
                    "macro": 0.6412458592605653,
                    "micro": 0.6277777777777778
                },
                "classes": {
                    "stem": {
                        "prec": 0.5279503105590062,
                        "rec": 0.4913294797687861,
                        "f1": 0.5089820359281436
                    },
                    "gram": {
                        "prec": 0.8512820512820513,
                        "rec": 0.8783068783068783,
                        "f1": 0.8645833333333333
                    }
                },
                "bleu": 0.4862517267355212,
                "error_rate": 0.35745205740610153
            },
            "characters": {
                "error_rate": 0.32995012195809575
            }
        },
        "segmentation": {
            "accuracy": 1.0,
            "precision": 1.0,
            "recall": 1.0,
            "f1": 1.0,
            "edit_distance": 0.0
        },
        "alignment": 1.0
    }
}