{
    "vama1243": {
        "glossing": {
            "words": {
                "accuracy": {
                    "macro": 0.3941742863617863,
                    "micro": 0.3891213389121339
                },
                "bleu": 0.11034463257359825,
                "error_rate": 0.6058257136382136
            },
            "morphemes": {
                "accuracy": {
                    "macro": 0.5251274375814817,
                    "micro": 0.5166666666666667
                },
                "classes": {
                    "stem": {
                        "prec": 0.47878787878787876,
                        "rec": 0.45664739884393063,
                        "f1": 0.4674556213017752
                    },
                    "gram": {
                        "prec": 0.772020725388601,
                        "rec": 0.7883597883597884,
                        "f1": 0.7801047120418847
                    }
                },
                "bleu": 0.3886861766420448,
                "error_rate": 0.4707058957518517
            },
            "characters": {
                "error_rate": 0.42546329035076685
            }
        },
        "segmentation": {
            "accuracy": 1.0,
            "precision": 1.0,
            "recall": 1.0,
            "f1": 1.0,
            "edit_distance": 0.0
        },
        "alignment": 1.0
    },
    "all": {
        "glossing": {
            "words": {
                "accuracy": {
                    "macro": 0.3941742863617863,
                    "micro": 0.3891213389121339
                },
                "bleu": 0.11034463257359825,
                "error_rate": 0.6058257136382136
            },
            "morphemes": {
                "accuracy": {
                    "macro": 0.5251274375814817,
                    "micro": 0.5166666666666667
                },
                "classes": {
                    "stem": {
                        "prec": 0.47878787878787876,
                        "rec": 0.45664739884393063,
                        "f1": 0.4674556213017752
                    },
                    "gram": {
                        "prec": 0.772020725388601,
                        "rec": 0.7883597883597884,
                        "f1": 0.7801047120418847
                    }
                },
                "bleu": 0.3886861766420448,
                "error_rate": 0.4707058957518517
            },
            "characters": {
                "error_rate": 0.42546329035076685
            }
        },
        "segmentation": {
            "accuracy": 1.0,
            "precision": 1.0,
            "recall": 1.0,
            "f1": 1.0,
            "edit_distance": 0.0
        },
        "alignment": 1.0
    }
}