{
    "gitx1241": {
        "glossing": {
            "words": {
                "accuracy": {
                    "macro": 0.05651396607278959,
                    "micro": 0.0546875
                },
                "bleu": 0.005445428909680253,
                "error_rate": 0.9302917052917055
            },
            "morphemes": {
                "accuracy": {
                    "macro": 0.05436636258183688,
                    "micro": 0.04775687409551375
                },
                "classes": {
                    "stem": {
                        "prec": 0.027906976744186046,
                        "rec": 0.02247191011235955,
                        "f1": 0.024896265560165977
                    },
                    "gram": {
                        "prec": 0.2537037037037037,
                        "rec": 0.17769130998702984,
                        "f1": 0.2090007627765065
                    }
                },
                "bleu": 0.06269557876285774,
                "error_rate": 0.8365663693492428
            },
            "characters": {
                "error_rate": 0.7671141290029241
            }
        },
        "segmentation": {
            "accuracy": 0.0,
            "precision": 0.2006549354076791,
            "recall": 0.14686673222143173,
            "f1": 0.15722668028810094,
            "edit_distance": 114.75675675675676
        },
        "alignment": 0.9796827314137909
    },
    "all": {
        "glossing": {
            "words": {
                "accuracy": {
                    "macro": 0.05651396607278959,
                    "micro": 0.0546875
                },
                "bleu": 0.005445428909680253,
                "error_rate": 0.9302917052917055
            },
            "morphemes": {
                "accuracy": {
                    "macro": 0.05436636258183688,
                    "micro": 0.04775687409551375
                },
                "classes": {
                    "stem": {
                        "prec": 0.027906976744186046,
                        "rec": 0.02247191011235955,
                        "f1": 0.024896265560165977
                    },
                    "gram": {
                        "prec": 0.2537037037037037,
                        "rec": 0.17769130998702984,
                        "f1": 0.2090007627765065
                    }
                },
                "bleu": 0.06269557876285774,
                "error_rate": 0.8365663693492428
            },
            "characters": {
                "error_rate": 0.7671141290029241
            }
        },
        "segmentation": {
            "accuracy": 0.0,
            "precision": 0.2006549354076791,
            "recall": 0.14686673222143173,
            "f1": 0.15722668028810094,
            "edit_distance": 114.75675675675676
        },
        "alignment": 0.9796827314137909
    }
}