{
    "gitx1241": {
        "glossing": {
            "words": {
                "accuracy": {
                    "macro": 0.06744743950626302,
                    "micro": 0.059895833333333336
                },
                "bleu": 0.006171773447712239,
                "error_rate": 0.9268663393663393
            },
            "morphemes": {
                "accuracy": {
                    "macro": 0.07586719829944942,
                    "micro": 0.059334298118668596
                },
                "classes": {
                    "stem": {
                        "prec": 0.05392156862745098,
                        "rec": 0.04119850187265917,
                        "f1": 0.046709129511677286
                    },
                    "gram": {
                        "prec": 0.26444833625218916,
                        "rec": 0.19584954604409857,
                        "f1": 0.22503725782414308
                    }
                },
                "bleu": 0.06231403764685566,
                "error_rate": 0.8409391884848043
            },
            "characters": {
                "error_rate": 0.771837300170256
            }
        },
        "segmentation": {
            "accuracy": 0.0,
            "precision": 0.18963390436363783,
            "recall": 0.15077169849635905,
            "f1": 0.15246589800354507,
            "edit_distance": 122.5945945945946
        },
        "alignment": 0.9955295040252297
    },
    "all": {
        "glossing": {
            "words": {
                "accuracy": {
                    "macro": 0.06744743950626302,
                    "micro": 0.059895833333333336
                },
                "bleu": 0.006171773447712239,
                "error_rate": 0.9268663393663393
            },
            "morphemes": {
                "accuracy": {
                    "macro": 0.07586719829944942,
                    "micro": 0.059334298118668596
                },
                "classes": {
                    "stem": {
                        "prec": 0.05392156862745098,
                        "rec": 0.04119850187265917,
                        "f1": 0.046709129511677286
                    },
                    "gram": {
                        "prec": 0.26444833625218916,
                        "rec": 0.19584954604409857,
                        "f1": 0.22503725782414308
                    }
                },
                "bleu": 0.06231403764685566,
                "error_rate": 0.8409391884848043
            },
            "characters": {
                "error_rate": 0.771837300170256
            }
        },
        "segmentation": {
            "accuracy": 0.0,
            "precision": 0.18963390436363783,
            "recall": 0.15077169849635905,
            "f1": 0.15246589800354507,
            "edit_distance": 122.5945945945946
        },
        "alignment": 0.9955295040252297
    }
}