{
    "vama1243": {
        "glossing": {
            "words": {
                "accuracy": {
                    "macro": 0.3568657037407037,
                    "micro": 0.37656903765690375
                },
                "bleu": 0.11488467715783061,
                "error_rate": 0.6431342962592962
            },
            "morphemes": {
                "accuracy": {
                    "macro": 0.4887344358392152,
                    "micro": 0.4861111111111111
                },
                "classes": {
                    "stem": {
                        "prec": 0.4620253164556962,
                        "rec": 0.42196531791907516,
                        "f1": 0.44108761329305135
                    },
                    "gram": {
                        "prec": 0.7455470737913485,
                        "rec": 0.7751322751322751,
                        "f1": 0.7600518806744487
                    }
                },
                "bleu": 0.36306032125456483,
                "error_rate": 0.5070988974941181
            },
            "characters": {
                "error_rate": 0.44710060414953284
            }
        },
        "segmentation": {
            "accuracy": 1.0,
            "precision": 1.0,
            "recall": 1.0,
            "f1": 1.0,
            "edit_distance": 0.0
        },
        "alignment": 1.0
    },
    "all": {
        "glossing": {
            "words": {
                "accuracy": {
                    "macro": 0.3568657037407037,
                    "micro": 0.37656903765690375
                },
                "bleu": 0.11488467715783061,
                "error_rate": 0.6431342962592962
            },
            "morphemes": {
                "accuracy": {
                    "macro": 0.4887344358392152,
                    "micro": 0.4861111111111111
                },
                "classes": {
                    "stem": {
                        "prec": 0.4620253164556962,
                        "rec": 0.42196531791907516,
                        "f1": 0.44108761329305135
                    },
                    "gram": {
                        "prec": 0.7455470737913485,
                        "rec": 0.7751322751322751,
                        "f1": 0.7600518806744487
                    }
                },
                "bleu": 0.36306032125456483,
                "error_rate": 0.5070988974941181
            },
            "characters": {
                "error_rate": 0.44710060414953284
            }
        },
        "segmentation": {
            "accuracy": 1.0,
            "precision": 1.0,
            "recall": 1.0,
            "f1": 1.0,
            "edit_distance": 0.0
        },
        "alignment": 1.0
    }
}