{
    "dido1241": {
        "glossing": {
            "word_level": {
                "average_accuracy": 0.11721807436541667,
                "accuracy": 0.0995130213847131
            },
            "morpheme_accuracy": {
                "average_accuracy": 0.10315406002167489,
                "accuracy": 0.08750135032948039
            },
            "classes": {
                "stem": {
                    "prec": 0.12539184952978055,
                    "rec": 0.11144648247039703,
                    "f1": 0.11800860479409957
                },
                "gram": {
                    "prec": 0.22182511317607814,
                    "rec": 0.20171162387606975,
                    "f1": 0.21129078014184394
                }
            },
            "bleu": 26.994166752125878
        }
    },
    "all": {
        "glossing": {
            "word_level": {
                "average_accuracy": 0.11721807436541667,
                "accuracy": 0.0995130213847131
            },
            "morpheme_accuracy": {
                "average_accuracy": 0.10315406002167489,
                "accuracy": 0.08750135032948039
            },
            "classes": {
                "stem": {
                    "prec": 0.12539184952978055,
                    "rec": 0.11144648247039703,
                    "f1": 0.11800860479409957
                },
                "gram": {
                    "prec": 0.22182511317607814,
                    "rec": 0.20171162387606975,
                    "f1": 0.21129078014184394
                }
            },
            "bleu": 26.994166752125878
        }
    }
}