{
    "lezg1247": {
        "glossing": {
            "words": {
                "accuracy": {
                    "macro": 0.4296348085325245,
                    "micro": 0.4368932038834951
                },
                "bleu": 0.16968468472864215,
                "error_rate": 0.5660110550378674
            },
            "morphemes": {
                "accuracy": {
                    "macro": 0.43328530713364505,
                    "micro": 0.3912429378531073
                },
                "classes": {
                    "stem": {
                        "prec": 0.37777777777777777,
                        "rec": 0.37317073170731707,
                        "f1": 0.3754601226993865
                    },
                    "gram": {
                        "prec": 0.5787781350482315,
                        "rec": 0.547945205479452,
                        "f1": 0.5629397967161845
                    }
                },
                "bleu": 0.43314883747269595,
                "error_rate": 0.459671361762342
            },
            "characters": {
                "error_rate": 0.42125841818907217
            }
        },
        "segmentation": {
            "accuracy": 0.18867924528301888,
            "precision": 0.7855436291211394,
            "recall": 0.7757169963995292,
            "f1": 0.7750376676535901,
            "edit_distance": 10.981132075471699
        },
        "alignment": 0.9999051863089029
    },
    "all": {
        "glossing": {
            "words": {
                "accuracy": {
                    "macro": 0.4296348085325245,
                    "micro": 0.4368932038834951
                },
                "bleu": 0.16968468472864215,
                "error_rate": 0.5660110550378674
            },
            "morphemes": {
                "accuracy": {
                    "macro": 0.43328530713364505,
                    "micro": 0.3912429378531073
                },
                "classes": {
                    "stem": {
                        "prec": 0.37777777777777777,
                        "rec": 0.37317073170731707,
                        "f1": 0.3754601226993865
                    },
                    "gram": {
                        "prec": 0.5787781350482315,
                        "rec": 0.547945205479452,
                        "f1": 0.5629397967161845
                    }
                },
                "bleu": 0.43314883747269595,
                "error_rate": 0.459671361762342
            },
            "characters": {
                "error_rate": 0.42125841818907217
            }
        },
        "segmentation": {
            "accuracy": 0.18867924528301888,
            "precision": 0.7855436291211394,
            "recall": 0.7757169963995292,
            "f1": 0.7750376676535901,
            "edit_distance": 10.981132075471699
        },
        "alignment": 0.9999051863089029
    }
}