{
    "lezg1247": {
        "glossing": {
            "words": {
                "accuracy": {
                    "macro": 0.5194693588437382,
                    "micro": 0.5388349514563107
                },
                "bleu": 0.2711445345818485,
                "error_rate": 0.48053064115626193
            },
            "morphemes": {
                "accuracy": {
                    "macro": 0.5322799949390158,
                    "micro": 0.4957627118644068
                },
                "classes": {
                    "stem": {
                        "prec": 0.4801980198019802,
                        "rec": 0.47317073170731705,
                        "f1": 0.47665847665847666
                    },
                    "gram": {
                        "prec": 0.6355140186915887,
                        "rec": 0.6210045662100456,
                        "f1": 0.6281755196304849
                    }
                },
                "bleu": 0.5572717324634973,
                "error_rate": 0.3820286068492029
            },
            "characters": {
                "error_rate": 0.33224874930820064
            }
        },
        "segmentation": {
            "accuracy": 0.20754716981132076,
            "precision": 0.8263501561639103,
            "recall": 0.8308418841559658,
            "f1": 0.8271770762450281,
            "edit_distance": 4.9245283018867925
        },
        "alignment": 1.0
    },
    "all": {
        "glossing": {
            "words": {
                "accuracy": {
                    "macro": 0.5194693588437382,
                    "micro": 0.5388349514563107
                },
                "bleu": 0.2711445345818485,
                "error_rate": 0.48053064115626193
            },
            "morphemes": {
                "accuracy": {
                    "macro": 0.5322799949390158,
                    "micro": 0.4957627118644068
                },
                "classes": {
                    "stem": {
                        "prec": 0.4801980198019802,
                        "rec": 0.47317073170731705,
                        "f1": 0.47665847665847666
                    },
                    "gram": {
                        "prec": 0.6355140186915887,
                        "rec": 0.6210045662100456,
                        "f1": 0.6281755196304849
                    }
                },
                "bleu": 0.5572717324634973,
                "error_rate": 0.3820286068492029
            },
            "characters": {
                "error_rate": 0.33224874930820064
            }
        },
        "segmentation": {
            "accuracy": 0.20754716981132076,
            "precision": 0.8263501561639103,
            "recall": 0.8308418841559658,
            "f1": 0.8271770762450281,
            "edit_distance": 4.9245283018867925
        },
        "alignment": 1.0
    }
}