{
    "uspa1245": {
        "glossing": {
            "words": {
                "accuracy": {
                    "macro": 0.7840364141159198,
                    "micro": 0.8101933216168717
                },
                "bleu": 0.6373130339136638,
                "error_rate": 0.21596358588408066
            },
            "morphemes": {
                "accuracy": {
                    "macro": 0.7861917504364505,
                    "micro": 0.7833977982743231
                },
                "classes": {
                    "stem": {
                        "prec": 0.7615894039735099,
                        "rec": 0.7453013609850939,
                        "f1": 0.7533573534228628
                    },
                    "gram": {
                        "prec": 0.8625714285714285,
                        "rec": 0.8557256235827665,
                        "f1": 0.8591348890153672
                    }
                },
                "bleu": 0.805037597387681,
                "error_rate": 0.16966944029664893
            },
            "characters": {
                "error_rate": 0.12663311302719604
            }
        },
        "segmentation": {
            "accuracy": 0.5176678445229682,
            "precision": 0.8671309844454725,
            "recall": 0.8639345587667149,
            "f1": 0.8645497938304595,
            "edit_distance": 0.9858657243816255
        },
        "alignment": 1.0
    },
    "all": {
        "glossing": {
            "words": {
                "accuracy": {
                    "macro": 0.7840364141159198,
                    "micro": 0.8101933216168717
                },
                "bleu": 0.6373130339136638,
                "error_rate": 0.21596358588408066
            },
            "morphemes": {
                "accuracy": {
                    "macro": 0.7861917504364505,
                    "micro": 0.7833977982743231
                },
                "classes": {
                    "stem": {
                        "prec": 0.7615894039735099,
                        "rec": 0.7453013609850939,
                        "f1": 0.7533573534228628
                    },
                    "gram": {
                        "prec": 0.8625714285714285,
                        "rec": 0.8557256235827665,
                        "f1": 0.8591348890153672
                    }
                },
                "bleu": 0.805037597387681,
                "error_rate": 0.16966944029664893
            },
            "characters": {
                "error_rate": 0.12663311302719604
            }
        },
        "segmentation": {
            "accuracy": 0.5176678445229682,
            "precision": 0.8671309844454725,
            "recall": 0.8639345587667149,
            "f1": 0.8645497938304595,
            "edit_distance": 0.9858657243816255
        },
        "alignment": 1.0
    }
}