{
    "uspa1245": {
        "glossing": {
            "words": {
                "accuracy": {
                    "macro": 0.7858705046425901,
                    "micro": 0.8071177504393673
                },
                "bleu": 0.6318245093553602,
                "error_rate": 0.21412949535741058
            },
            "morphemes": {
                "accuracy": {
                    "macro": 0.7903751847877294,
                    "micro": 0.7854805117524546
                },
                "classes": {
                    "stem": {
                        "prec": 0.7618421052631579,
                        "rec": 0.7504860661049902,
                        "f1": 0.7561214495592555
                    },
                    "gram": {
                        "prec": 0.868043602983362,
                        "rec": 0.8577097505668935,
                        "f1": 0.8628457370972342
                    }
                },
                "bleu": 0.8009362937353681,
                "error_rate": 0.16932442802584158
            },
            "characters": {
                "error_rate": 0.12350348421210203
            }
        },
        "segmentation": {
            "accuracy": 0.5106007067137809,
            "precision": 0.8668859899425273,
            "recall": 0.8625335794947107,
            "f1": 0.8637207036259116,
            "edit_distance": 0.9681978798586572
        },
        "alignment": 1.0
    },
    "all": {
        "glossing": {
            "words": {
                "accuracy": {
                    "macro": 0.7858705046425901,
                    "micro": 0.8071177504393673
                },
                "bleu": 0.6318245093553602,
                "error_rate": 0.21412949535741058
            },
            "morphemes": {
                "accuracy": {
                    "macro": 0.7903751847877294,
                    "micro": 0.7854805117524546
                },
                "classes": {
                    "stem": {
                        "prec": 0.7618421052631579,
                        "rec": 0.7504860661049902,
                        "f1": 0.7561214495592555
                    },
                    "gram": {
                        "prec": 0.868043602983362,
                        "rec": 0.8577097505668935,
                        "f1": 0.8628457370972342
                    }
                },
                "bleu": 0.8009362937353681,
                "error_rate": 0.16932442802584158
            },
            "characters": {
                "error_rate": 0.12350348421210203
            }
        },
        "segmentation": {
            "accuracy": 0.5106007067137809,
            "precision": 0.8668859899425273,
            "recall": 0.8625335794947107,
            "f1": 0.8637207036259116,
            "edit_distance": 0.9681978798586572
        },
        "alignment": 1.0
    }
}