{
    "uspa1245": {
        "segmentation": {
            "accuracy": 0.4929328621908127,
            "precision": 0.8605286844036587,
            "recall": 0.8520795753127914,
            "f1": 0.8553389258678773,
            "edit_distance": 1.0141342756183747
        }
    },
    "all": {
        "segmentation": {
            "accuracy": 0.4929328621908127,
            "precision": 0.8605286844036587,
            "recall": 0.8520795753127914,
            "f1": 0.8553389258678773,
            "edit_distance": 1.0141342756183747
        }
    }
}