{
    "dido1241": {
        "glossing": {
            "word_level": {
                "average_accuracy": 0.8673028438820609,
                "accuracy": 0.8611052297268685
            },
            "morpheme_accuracy": {
                "average_accuracy": 0.8437902716893255,
                "accuracy": 0.8167872961002485
            },
            "classes": {
                "stem": {
                    "prec": 0.8121212121212121,
                    "rec": 0.8089157185976318,
                    "f1": 0.8105152960335
                },
                "gram": {
                    "prec": 0.8549560308327,
                    "rec": 0.8531036724081899,
                    "f1": 0.8540288471966164
                }
            },
            "bleu": 88.06378324302425
        },
        "segmentation": {
            "accuracy": 0.665158371040724,
            "precision": 0.9718605505675358,
            "recall": 0.9727299402757242,
            "f1": 0.9721853312727669,
            "edit_distance": 0.6719457013574661
        }
    },
    "all": {
        "glossing": {
            "word_level": {
                "average_accuracy": 0.8673028438820609,
                "accuracy": 0.8611052297268685
            },
            "morpheme_accuracy": {
                "average_accuracy": 0.8437902716893255,
                "accuracy": 0.8167872961002485
            },
            "classes": {
                "stem": {
                    "prec": 0.8121212121212121,
                    "rec": 0.8089157185976318,
                    "f1": 0.8105152960335
                },
                "gram": {
                    "prec": 0.8549560308327,
                    "rec": 0.8531036724081899,
                    "f1": 0.8540288471966164
                }
            },
            "bleu": 88.06378324302425
        },
        "segmentation": {
            "accuracy": 0.665158371040724,
            "precision": 0.9718605505675358,
            "recall": 0.9727299402757242,
            "f1": 0.9721853312727669,
            "edit_distance": 0.6719457013574661
        }
    }
}