{
    "nyan1302": {
        "glossing": {
            "words": {
                "accuracy": {
                    "macro": 0.707011033321517,
                    "micro": 0.7517517517517518
                },
                "bleu": 0.5418139655804124,
                "error_rate": 0.29414104041120187
            },
            "morphemes": {
                "accuracy": {
                    "macro": 0.7703485069115994,
                    "micro": 0.7996219281663516
                },
                "classes": {
                    "stem": {
                        "prec": 0.8054892601431981,
                        "rec": 0.7903981264637002,
                        "f1": 0.7978723404255319
                    },
                    "gram": {
                        "prec": 0.8808567603748326,
                        "rec": 0.8867924528301887,
                        "f1": 0.8838146406984554
                    }
                },
                "bleu": 0.7462020677668204,
                "error_rate": 0.2249446463956664
            },
            "characters": {
                "error_rate": 0.21389063997930952
            }
        },
        "segmentation": {
            "accuracy": 0.8830645161290323,
            "precision": 0.9603151328957779,
            "recall": 0.9649646668295865,
            "f1": 0.96181232771292,
            "edit_distance": 0.2540322580645161
        },
        "alignment": 1.0
    },
    "all": {
        "glossing": {
            "words": {
                "accuracy": {
                    "macro": 0.707011033321517,
                    "micro": 0.7517517517517518
                },
                "bleu": 0.5418139655804124,
                "error_rate": 0.29414104041120187
            },
            "morphemes": {
                "accuracy": {
                    "macro": 0.7703485069115994,
                    "micro": 0.7996219281663516
                },
                "classes": {
                    "stem": {
                        "prec": 0.8054892601431981,
                        "rec": 0.7903981264637002,
                        "f1": 0.7978723404255319
                    },
                    "gram": {
                        "prec": 0.8808567603748326,
                        "rec": 0.8867924528301887,
                        "f1": 0.8838146406984554
                    }
                },
                "bleu": 0.7462020677668204,
                "error_rate": 0.2249446463956664
            },
            "characters": {
                "error_rate": 0.21389063997930952
            }
        },
        "segmentation": {
            "accuracy": 0.8830645161290323,
            "precision": 0.9603151328957779,
            "recall": 0.9649646668295865,
            "f1": 0.96181232771292,
            "edit_distance": 0.2540322580645161
        },
        "alignment": 1.0
    }
}