{
    "nyan1302": {
        "glossing": {
            "words": {
                "accuracy": {
                    "macro": 0.5673988981448655,
                    "micro": 0.6346346346346347
                },
                "bleu": 0.3684190234705391,
                "error_rate": 0.4338811837803774
            },
            "morphemes": {
                "accuracy": {
                    "macro": 0.6608503549739316,
                    "micro": 0.7088846880907372
                },
                "classes": {
                    "stem": {
                        "prec": 0.6766467065868264,
                        "rec": 0.6615925058548009,
                        "f1": 0.6690349319123742
                    },
                    "gram": {
                        "prec": 0.8528428093645485,
                        "rec": 0.8591644204851752,
                        "f1": 0.8559919436052367
                    }
                },
                "bleu": 0.6377049874309196,
                "error_rate": 0.33569735135200035
            },
            "characters": {
                "error_rate": 0.3257497109892033
            }
        },
        "segmentation": {
            "accuracy": 0.8548387096774194,
            "precision": 0.9498437718195782,
            "recall": 0.9563470243913795,
            "f1": 0.9523635301120428,
            "edit_distance": 0.33064516129032256
        },
        "alignment": 0.9994623655913979
    },
    "all": {
        "glossing": {
            "words": {
                "accuracy": {
                    "macro": 0.5673988981448655,
                    "micro": 0.6346346346346347
                },
                "bleu": 0.3684190234705391,
                "error_rate": 0.4338811837803774
            },
            "morphemes": {
                "accuracy": {
                    "macro": 0.6608503549739316,
                    "micro": 0.7088846880907372
                },
                "classes": {
                    "stem": {
                        "prec": 0.6766467065868264,
                        "rec": 0.6615925058548009,
                        "f1": 0.6690349319123742
                    },
                    "gram": {
                        "prec": 0.8528428093645485,
                        "rec": 0.8591644204851752,
                        "f1": 0.8559919436052367
                    }
                },
                "bleu": 0.6377049874309196,
                "error_rate": 0.33569735135200035
            },
            "characters": {
                "error_rate": 0.3257497109892033
            }
        },
        "segmentation": {
            "accuracy": 0.8548387096774194,
            "precision": 0.9498437718195782,
            "recall": 0.9563470243913795,
            "f1": 0.9523635301120428,
            "edit_distance": 0.33064516129032256
        },
        "alignment": 0.9994623655913979
    }
}