{
    "ainu1240": {
        "glossing": {
            "words": {
                "accuracy": {
                    "macro": 0.05969404475093929,
                    "micro": 0.05155071248952221
                },
                "bleu": 0.7740724824117319,
                "error_rate": 1.005931882561849
            },
            "morphemes": {
                "accuracy": {
                    "macro": 0.042782076204597515,
                    "micro": 0.03354657512872523
                },
                "classes": {
                    "stem": {
                        "prec": 0.05638413968715897,
                        "rec": 0.0365738555922605,
                        "f1": 0.044368112208386996
                    },
                    "gram": {
                        "prec": 0.32837528604118993,
                        "rec": 0.31622855343932,
                        "f1": 0.3221874749418651
                    }
                },
                "bleu": 7.529734570391571,
                "error_rate": 0.9533109111542166
            },
            "characters": {
                "error_rate": 0.9137778556700108
            }
        }
    },
    "arap1274": {
        "glossing": {
            "words": {
                "accuracy": {
                    "macro": 0.7601666392268538,
                    "micro": 0.759927797833935
                },
                "bleu": 63.89904439440374,
                "error_rate": 0.22869668466369805
            },
            "morphemes": {
                "accuracy": {
                    "macro": 0.7879931018033464,
                    "micro": 0.7634288202544245
                },
                "classes": {
                    "stem": {
                        "prec": 0.7789932282047639,
                        "rec": 0.7532051282051282,
                        "f1": 0.7658821612309984
                    },
                    "gram": {
                        "prec": 0.8527836111944457,
                        "rec": 0.8258487590271437,
                        "f1": 0.8391000906656546
                    }
                },
                "bleu": 79.72888786349978,
                "error_rate": 0.15097855891014225
            },
            "characters": {
                "error_rate": 0.13965056475136958
            }
        }
    },
    "dido1241": {
        "glossing": {
            "words": {
                "accuracy": {
                    "macro": 0.8597236123138737,
                    "micro": 0.8496399830580262
                },
                "bleu": 69.55374122679518,
                "error_rate": 0.13365336677344195
            },
            "morphemes": {
                "accuracy": {
                    "macro": 0.8341382878544268,
                    "micro": 0.8017502160760588
                },
                "classes": {
                    "stem": {
                        "prec": 0.805173619202983,
                        "rec": 0.80236878773804,
                        "f1": 0.8037687565429801
                    },
                    "gram": {
                        "prec": 0.8441672138323484,
                        "rec": 0.8357529794149512,
                        "f1": 0.8399390243902438
                    }
                },
                "bleu": 87.37119919284521,
                "error_rate": 0.07978142474437253
            },
            "characters": {
                "error_rate": 0.0637041626058667
            }
        }
    },
    "gitx1241": {
        "glossing": {
            "words": {
                "accuracy": {
                    "macro": 0.11949360258183786,
                    "micro": 0.10649350649350649
                },
                "bleu": 2.311396888727818,
                "error_rate": 0.8779480103009516
            },
            "morphemes": {
                "accuracy": {
                    "macro": 0.03136960489901666,
                    "micro": 0.01878612716763006
                },
                "classes": {
                    "stem": {
                        "prec": 0.04363636363636364,
                        "rec": 0.04477611940298507,
                        "f1": 0.04419889502762431
                    },
                    "gram": {
                        "prec": 0.2723735408560311,
                        "rec": 0.18134715025906736,
                        "f1": 0.21772939346811818
                    }
                },
                "bleu": 9.05783576973326,
                "error_rate": 0.8752958291533882
            },
            "characters": {
                "error_rate": 0.6945726244112403
            }
        }
    },
    "lezg1247": {
        "glossing": {
            "words": {
                "accuracy": {
                    "macro": 0.019188254093914472,
                    "micro": 0.01909307875894988
                },
                "bleu": 0.13646157275220372,
                "error_rate": 1.2734602923282166
            },
            "morphemes": {
                "accuracy": {
                    "macro": 0.010909635437937324,
                    "micro": 0.009790209790209791
                },
                "classes": {
                    "stem": {
                        "prec": 0.016,
                        "rec": 0.014388489208633094,
                        "f1": 0.015151515151515152
                    },
                    "gram": {
                        "prec": 0.3346303501945525,
                        "rec": 0.25903614457831325,
                        "f1": 0.2920203735144312
                    }
                },
                "bleu": 1.8104715026637828,
                "error_rate": 1.1219746146889298
            },
            "characters": {
                "error_rate": 6.488003526118568
            }
        }
    },
    "natu1246": {
        "glossing": {
            "words": {
                "accuracy": {
                    "macro": 0.08945800683768598,
                    "micro": 0.08429926238145416
                },
                "bleu": 1.200081193407074,
                "error_rate": 0.8882165827604873
            },
            "morphemes": {
                "accuracy": {
                    "macro": 0.029223843541734726,
                    "micro": 0.0285204991087344
                },
                "classes": {
                    "stem": {
                        "prec": 0.07067669172932331,
                        "rec": 0.06176084099868594,
                        "f1": 0.0659186535764376
                    },
                    "gram": {
                        "prec": 0.23955870764381404,
                        "rec": 0.17155756207674944,
                        "f1": 0.19993423216047354
                    }
                },
                "bleu": 7.709369128169343,
                "error_rate": 0.8723718201054722
            },
            "characters": {
                "error_rate": 0.733964370604783
            }
        }
    },
    "nyan1302": {
        "glossing": {
            "words": {
                "accuracy": {
                    "macro": 0.011072708653353813,
                    "micro": 0.015902712815715623
                },
                "bleu": 0.12625954557187113,
                "error_rate": 0.9934635816692269
            },
            "morphemes": {
                "accuracy": {
                    "macro": 0.007120601173020528,
                    "micro": 0.00966183574879227
                },
                "classes": {
                    "stem": {
                        "prec": 0.009055627425614488,
                        "rec": 0.008168028004667444,
                        "f1": 0.008588957055214725
                    },
                    "gram": {
                        "prec": 0.3009950248756219,
                        "rec": 0.22407407407407406,
                        "f1": 0.25690021231422505
                    }
                },
                "bleu": 1.3116623020992038,