{
    "ainu1240": {
        "glossing": {
            "words": {
                "accuracy": {
                    "macro": 0.06491883352052842,
                    "micro": 0.06394230769230769
                },
                "bleu": 0.01136159770014627,
                "error_rate": 0.9301330660864566
            },
            "morphemes": {
                "accuracy": {
                    "macro": 0.050521182995405034,
                    "micro": 0.045662100456621
                },
                "classes": {
                    "stem": {
                        "prec": 0.0594925634295713,
                        "rec": 0.054284193720063864,
                        "f1": 0.056769166550716565
                    },
                    "gram": {
                        "prec": 0.37468403655454013,
                        "rec": 0.3365938864628821,
                        "f1": 0.3546190651453809
                    }
                },
                "bleu": 0.07744297138245723,
                "error_rate": 0.9088549517560136
            },
            "characters": {
                "error_rate": 0.7628077129561234
            }
        }
    },
    "arap1274": {
        "glossing": {
            "words": {
                "accuracy": {
                    "macro": 0.7611361768550173,
                    "micro": 0.785047277852822
                },
                "bleu": 0.6187228711184634,
                "error_rate": 0.2379095562548622
            },
            "morphemes": {
                "accuracy": {
                    "macro": 0.801030118988283,
                    "micro": 0.7914963468409025
                },
                "classes": {
                    "stem": {
                        "prec": 0.78126518316976,
                        "rec": 0.7730397577039565,
                        "f1": 0.7771307058453956
                    },
                    "gram": {
                        "prec": 0.8862320776560692,
                        "rec": 0.8730917704860501,
                        "f1": 0.8796128519025942
                    }
                },
                "bleu": 0.7887773565682465,
                "error_rate": 0.16051057789141204
            },
            "characters": {
                "error_rate": 0.14639059162471568
            }
        }
    },
    "dido1241": {
        "glossing": {
            "words": {
                "accuracy": {
                    "macro": 0.8340899934558624,
                    "micro": 0.8220610198421165
                },
                "bleu": 0.6466780250320989,
                "error_rate": 0.15575230608200705
            },
            "morphemes": {
                "accuracy": {
                    "macro": 0.8053247388910422,
                    "micro": 0.76592287694974
                },
                "classes": {
                    "stem": {
                        "prec": 0.7606580166821131,
                        "rec": 0.7585489833641405,
                        "f1": 0.7596020360944008
                    },
                    "gram": {
                        "prec": 0.8139688844753393,
                        "rec": 0.8063176303421139,
                        "f1": 0.8101251921809797
                    }
                },
                "bleu": 0.8540834352319264,
                "error_rate": 0.09465827017774141
            },
            "characters": {
                "error_rate": 0.07527027453679887
            }
        }
    },
    "gitx1241": {
        "glossing": {
            "words": {
                "accuracy": {
                    "macro": 0.10176467676467678,
                    "micro": 0.07291666666666667
                },
                "bleu": 0.027404078195420248,
                "error_rate": 0.864270606182371
            },
            "morphemes": {
                "accuracy": {
                    "macro": 0.029520181993945113,
                    "micro": 0.01447178002894356
                },
                "classes": {
                    "stem": {
                        "prec": 0.02888086642599278,
                        "rec": 0.0299625468164794,
                        "f1": 0.029411764705882356
                    },
                    "gram": {
                        "prec": 0.2413127413127413,
                        "rec": 0.1621271076523995,
                        "f1": 0.1939487975174554
                    }
                },
                "bleu": 0.07705952260997512,
                "error_rate": 0.8704207493429942
            },
            "characters": {
                "error_rate": 0.703881296609973
            }
        }
    },
    "lezg1247": {
        "glossing": {
            "words": {
                "accuracy": {
                    "macro": 0.021261773645090427,
                    "micro": 0.024271844660194174
                },
                "bleu": 0.00947638108994914,
                "error_rate": 0.967709946458705
            },
            "morphemes": {
                "accuracy": {
                    "macro": 0.020614901192037707,
                    "micro": 0.011299435028248588
                },
                "classes": {
                    "stem": {
                        "prec": 0.020671834625323,
                        "rec": 0.01951219512195122,
                        "f1": 0.020075282308657467
                    },
                    "gram": {
                        "prec": 0.3159144893111639,
                        "rec": 0.2024353120243531,
                        "f1": 0.24675324675324675
                    }
                },
                "bleu": 0.05646331008917346,
                "error_rate": 0.9400798692346118
            },
            "characters": {
                "error_rate": 0.7979588045827484
            }
        }
    },
    "natu1246": {
        "glossing": {
            "words": {
                "accuracy": {
                    "macro": 0.08765534197991766,
                    "micro": 0.0891304347826087
                },
                "bleu": 0.009586585033354479,
                "error_rate": 0.8788493977296966
            },
            "morphemes": {
                "accuracy": {
                    "macro": 0.03310958899387947,
                    "micro": 0.027190332326283987
                },
                "classes": {
                    "stem": {
                        "prec": 0.05781865965834428,
                        "rec": 0.058355437665782495,
                        "f1": 0.05808580858085808
                    },
                    "gram": {
                        "prec": 0.2780117944397641,
                        "rec": 0.1916376306620209,
                        "f1": 0.22688209006531454
                    }
                },
                "bleu": 0.08064589061804514,
                "error_rate": 0.8925060041746259
            },
            "characters": {
                "error_rate": 0.7294603081208082
            }
        }
    },
    "nyan1302": {
        "glossing": {
            "words": {
                "accuracy": {
                    "macro": 0.0065732206861239114,
                    "micro": 0.008008008008008008
                },
                "bleu": 0.0032386792746193654,
                "error_rate": 0.9934267793138761
            },
            "morphemes": {
                "accuracy": {
                    "macro": 0.004680299539170507,
                    "micro": 0.005040957781978576
                },
                "classes": {
                    "stem": {
                        "prec": 0.0048543689320388345,
                        "rec": 0.00468384074941452,
                        "f1": 0.004767580452920143
                    },
                    "gram": {
                        "prec": 0.3175,
                        "rec": 0.25673854447439354,
                        "f1": 0.28390461997019373
                    }
                },