{
    "nyan1302": {
        "glossing": {
            "words": {
                "accuracy": {
                    "macro": 0.5252570010634527,
                    "micro": 0.5635635635635635
                },
                "bleu": 0.2969531932382415,
                "error_rate": 0.4706659380046477
            },
            "morphemes": {
                "accuracy": {
                    "macro": 0.5954077929765783,
                    "micro": 0.6149968494013862
                },
                "classes": {
                    "stem": {
                        "prec": 0.5910194174757282,
                        "rec": 0.5702576112412178,
                        "f1": 0.5804529201430275
                    },
                    "gram": {
                        "prec": 0.787305874409183,
                        "rec": 0.7857142857142857,
                        "f1": 0.7865092748735244
                    }
                },
                "bleu": 0.5514250019910781,
                "error_rate": 0.3775957156116076
            },
            "characters": {
                "error_rate": 0.3490951854468624
            }
        }
    },
    "all": {
        "glossing": {
            "words": {
                "accuracy": {
                    "macro": 0.5252570010634527,
                    "micro": 0.5635635635635635
                },
                "bleu": 0.2969531932382415,
                "error_rate": 0.4706659380046477
            },
            "morphemes": {
                "accuracy": {
                    "macro": 0.5954077929765783,
                    "micro": 0.6149968494013862
                },
                "classes": {
                    "stem": {
                        "prec": 0.5910194174757282,
                        "rec": 0.5702576112412178,
                        "f1": 0.5804529201430275
                    },
                    "gram": {
                        "prec": 0.787305874409183,
                        "rec": 0.7857142857142857,
                        "f1": 0.7865092748735244
                    }
                },
                "bleu": 0.5514250019910781,
                "error_rate": 0.3775957156116076
            },
            "characters": {
                "error_rate": 0.3490951854468624
            }
        }
    }
}