{
    "dido1241": {
        "glossing": {
            "word_level": {
                "average_accuracy": 0.8867356866555831,
                "accuracy": 0.8852424306584797
            },
            "morpheme_accuracy": {
                "average_accuracy": 0.8759458581212118,
                "accuracy": 0.8624824457167549
            },
            "classes": {
                "stem": {
                    "prec": 0.8620448179271709,
                    "rec": 0.8574413745066172,
                    "f1": 0.8597369340006985
                },
                "gram": {
                    "prec": 0.892249322493225,
                    "rec": 0.8916693749322934,
                    "f1": 0.8919592544429995
                }
            },
            "bleu": 89.98690521171773
        },
        "segmentation": {
            "accuracy": 0.7647058823529411,
            "precision": 0.982614751809273,
            "recall": 0.9827719733407442,
            "f1": 0.9826009771098831,
            "edit_distance": 0.4411764705882353
        }
    },
    "all": {
        "glossing": {
            "word_level": {
                "average_accuracy": 0.8867356866555831,
                "accuracy": 0.8852424306584797
            },
            "morpheme_accuracy": {
                "average_accuracy": 0.8759458581212118,
                "accuracy": 0.8624824457167549
            },
            "classes": {
                "stem": {
                    "prec": 0.8620448179271709,
                    "rec": 0.8574413745066172,
                    "f1": 0.8597369340006985
                },
                "gram": {
                    "prec": 0.892249322493225,
                    "rec": 0.8916693749322934,
                    "f1": 0.8919592544429995
                }
            },
            "bleu": 89.98690521171773
        },
        "segmentation": {
            "accuracy": 0.7647058823529411,
            "precision": 0.982614751809273,
            "recall": 0.9827719733407442,
            "f1": 0.9826009771098831,
            "edit_distance": 0.4411764705882353
        }
    }
}