{
    "dido1241": {
        "glossing": {
            "word_level": {
                "average_accuracy": 0.8679968394289977,
                "accuracy": 0.8619521490578023
            },
            "morpheme_accuracy": {
                "average_accuracy": 0.8450146623610636,
                "accuracy": 0.8193799287026035
            },
            "classes": {
                "stem": {
                    "prec": 0.8149184149184149,
                    "rec": 0.8117018806593916,
                    "f1": 0.8133069675468185
                },
                "gram": {
                    "prec": 0.8562588209749213,
                    "rec": 0.8544036399090023,
                    "f1": 0.8553302244875827
                }
            },
            "bleu": 88.17672382113076
        },
        "segmentation": {
            "accuracy": 0.669683257918552,
            "precision": 0.9724959260594773,
            "recall": 0.9730424213851693,
            "f1": 0.97266257771035,
            "edit_distance": 0.6583710407239819
        }
    },
    "all": {
        "glossing": {
            "word_level": {
                "average_accuracy": 0.8679968394289977,
                "accuracy": 0.8619521490578023
            },
            "morpheme_accuracy": {
                "average_accuracy": 0.8450146623610636,
                "accuracy": 0.8193799287026035
            },
            "classes": {
                "stem": {
                    "prec": 0.8149184149184149,
                    "rec": 0.8117018806593916,
                    "f1": 0.8133069675468185
                },
                "gram": {
                    "prec": 0.8562588209749213,
                    "rec": 0.8544036399090023,
                    "f1": 0.8553302244875827
                }
            },
            "bleu": 88.17672382113076
        },
        "segmentation": {
            "accuracy": 0.669683257918552,
            "precision": 0.9724959260594773,
            "recall": 0.9730424213851693,
            "f1": 0.97266257771035,
            "edit_distance": 0.6583710407239819
        }
    }
}